id,title,label,filtered_words_str
R129,New Report on Election,REAL,"glass,remain,develop,teacher,firm,place.,community,direction,senior,sell,consider.,personal,product,water,base.,experts,discuss,ongoing,developments,election."
R227,New Report on Climate Change,REAL,"stay,wear,common,bed,away.,western,project.,west,rate,family,third,share,reflect.,experts,discuss,ongoing,developments,climate,change."
F231,Aliens Confirmed by Sources,FAKE,"support,listen,almost,partner,within.,man,seven,response,former.,investment,body,may.,—,shocking,claims,aliens,surface,internet."
R066,New Report on Policy,REAL,"subject,four,blood,message,seven,character.,whose,skin,interest.,experts,discuss,ongoing,developments,policy."
F095,Mind Control Confirmed by Sources,FAKE,"option,social,hour,drop.,source,action,bill,fly.,little,sea.,specific,plan,foot.,—,shocking,claims,mind,control,surface,internet."
R174,New Report on Policy,REAL,"choose,team,official,answer,left,trip.,similar,tend,specific,sit,chair,traditional,drop.,kid,process,us,value,something,age,near,decide.,experts,discuss,ongoing,developments,policy."
R201,New Report on Public Health,REAL,"across,talk,way,alone,play.,someone,manage,peace,eye,model.,experts,discuss,ongoing,developments,public,health."
R072,New Report on Education,REAL,"black,way,camera,day.,lead,use,week,security,employee,american.,budget,somebody,quite,kid,enjoy,design,through.,experts,discuss,ongoing,developments,education."
R064,New Report on Research,REAL,"money,sell,cost,full.,toward,particularly,wall,kitchen,want,total,yet.,close,prove,hit,task.,experts,discuss,ongoing,developments,research."
F037,Miracle Drug Confirmed by Sources,FAKE,"response,course,difficult,would.,job,loss,alone,send,beyond,style.,partner,enough,appear.,—,shocking,claims,miracle,drug,surface,internet."
R170,New Report on Technology Breakthrough,REAL,"study,support,buy,draw,one,necessary.,south,must,book.,experts,discuss,ongoing,developments,technology,breakthrough."
F110,Celebrity Scandal Confirmed by Sources,FAKE,"campaign,write,sound,real,national,management.,unit,environment,consumer,employee.,shake,reason,education,risk,wait,what.,—,shocking,claims,celebrity,scandal,surface,internet."
F048,Secret Cure Confirmed by Sources,FAKE,"seat,involve,cup,likely.,create,line,green,economic.,best,wonder,play,draw,body,road,kind.,game,attorney,alone,get.,—,shocking,claims,secret,cure,surface,internet."
F082,Hoax Confirmed by Sources,FAKE,"painting,small,ready,television,officer.,—,shocking,claims,hoax,surface,internet."
F187,Miracle Drug Confirmed by Sources,FAKE,"voice,member,different.,get,teacher,data.,figure,believe,town.,—,shocking,claims,miracle,drug,surface,internet."
F027,Miracle Drug Confirmed by Sources,FAKE,"instead,coach,physical,break,discover,respond.,news,already,maintain,arrive,time.,five,three,understand.,—,shocking,claims,miracle,drug,surface,internet."
F202,Hoax Confirmed by Sources,FAKE,"perform,create,group,watch,whole,eye,risk,stage.,education,stand,thus,exist,campaign,author.,argue,owner,start,beautiful.,—,shocking,claims,hoax,surface,internet."
F197,Secret Cure Confirmed by Sources,FAKE,"like,area,exactly,knowledge.,personal,property,single,mrs,officer,respond.,though,contain,piece,right,congress,rule.,vote,region,significant,sister,speech.,—,shocking,claims,secret,cure,surface,internet."
R128,New Report on Climate Change,REAL,"police,upon,four.,season,store,nation,change,defense,war,design.,experts,discuss,ongoing,developments,climate,change."
F157,Government Cover-Up Confirmed by Sources,FAKE,"participant,traditional,none,plant.,seat,save,huge,arrive,security.,free,serious,film,company,term,measure.,wind,continue,fast,difference,experience.,—,shocking,claims,government,cover-up,surface,internet."
F117,Hoax Confirmed by Sources,FAKE,"deal,weight,task,tell,well,against.,—,shocking,claims,hoax,surface,internet."
F173,Secret Cure Confirmed by Sources,FAKE,"hospital,air,pressure,language.,theory,answer,make,born,though.,—,shocking,claims,secret,cure,surface,internet."
F024,Aliens Confirmed by Sources,FAKE,"federal,main,medical,college,charge,development.,painting,able,indeed,see,do.,camera,thus,perform.,—,shocking,claims,aliens,surface,internet."
F096,Celebrity Scandal Confirmed by Sources,FAKE,"certainly,song,learn,vote,whose,pass.,message,occur,risk,fill,art,occur.,—,shocking,claims,celebrity,scandal,surface,internet."
R247,New Report on Public Health,REAL,"impact,first,notice,office,lead,present,hope.,local,degree,democrat,mr,can.,offer,strong,build,protect.,experts,discuss,ongoing,developments,public,health."
F226,Government Cover-Up Confirmed by Sources,FAKE,"mr,main,although,blood.,investment,everybody,interest,explain,discuss.,congress,realize,statement,interesting.,—,shocking,claims,government,cover-up,surface,internet."
F100,Flat Earth Confirmed by Sources,FAKE,"system,allow,three,loss,check.,manager,population,movement,learn,many.,—,shocking,claims,flat,earth,surface,internet."
F246,Government Cover-Up Confirmed by Sources,FAKE,"always,south,manager,must,coach.,east,hotel,teach,country,land,growth,him.,—,shocking,claims,government,cover-up,surface,internet."
F183,Aliens Confirmed by Sources,FAKE,"industry,color,better,theory.,majority,make,then.,site,feel.,—,shocking,claims,aliens,surface,internet."
R063,New Report on Policy,REAL,"party,hotel,build,focus,news,goal,bed.,amount,site,large,seek,low,east.,experts,discuss,ongoing,developments,policy."
R005,New Report on Election,REAL,"culture,run,professor,high,reason.,push,ok,minute,clearly,article,road,growth,eye.,experts,discuss,ongoing,developments,election."
R084,New Report on Election,REAL,"couple,someone,fine,career,trip.,personal,minute,issue,improve.,office,almost,capital,enjoy.,write,care.,experts,discuss,ongoing,developments,election."
R124,New Report on Education,REAL,"save,fact,fear,indeed,word,no.,experts,discuss,ongoing,developments,education."
R118,New Report on Research,REAL,"return,white,look,say.,experts,discuss,ongoing,developments,research."
F001,Aliens Confirmed by Sources,FAKE,"position,student,big.,push,north,people,source,much,hour.,one,analysis,election,close,type,attack.,—,shocking,claims,aliens,surface,internet."
F007,Immortal Jellyfish Confirmed by Sources,FAKE,"radio,indeed,need,seven.,stand,east,great,expect,sing.,marriage,room,commercial,recent,father,rich,voice.,—,shocking,claims,immortal,jellyfish,surface,internet."
F046,Mind Control Confirmed by Sources,FAKE,"walk,heavy,american,relate,per.,light,performance,mr,get,director,gas,other.,career,final,perhaps,small.,worker,door,agent,section.,—,shocking,claims,mind,control,surface,internet."
R103,New Report on Research,REAL,"call,head,crime,offer,keep,today.,page,several,employee.,experts,discuss,ongoing,developments,research."
R037,New Report on Budget Report,REAL,"million,star,drop.,technology,agent,someone,room.,experts,discuss,ongoing,developments,budget,report."
F193,Secret Cure Confirmed by Sources,FAKE,"public,nature,might,happen.,collection,occur,body,history,election,she.,member,hospital,thousand,third,understand,cup.,—,shocking,claims,secret,cure,surface,internet."
R166,New Report on Election,REAL,"star,much.,run,foreign,avoid,no.,fire,add,plant,say,like.,experts,discuss,ongoing,developments,election."
F017,Immortal Jellyfish Confirmed by Sources,FAKE,"likely,able,mention,high,yeah.,card,listen,trouble,site,both.,—,shocking,claims,immortal,jellyfish,surface,internet."
R008,New Report on Economic Growth,REAL,"type,financial,bring.,really,organization,effort,again.,experts,discuss,ongoing,developments,economic,growth."
F071,Celebrity Scandal Confirmed by Sources,FAKE,"ask,suddenly,fight,yeah,receive.,material,machine,carry,dinner.,—,shocking,claims,celebrity,scandal,surface,internet."
F028,Mind Control Confirmed by Sources,FAKE,"far,son,ability,tax,make.,tough,relationship,commercial,fight,little,well,commercial.,stuff,church,reality,tend.,—,shocking,claims,mind,control,surface,internet."
F227,Immortal Jellyfish Confirmed by Sources,FAKE,"local,radio,late,drive,theory.,kind,congress,traditional,glass,page.,—,shocking,claims,immortal,jellyfish,surface,internet."
R200,New Report on Public Health,REAL,"others,decision.,recently,box,sign,media,though.,service,crime,ability,state,discover.,experts,discuss,ongoing,developments,public,health."
R225,New Report on Climate Change,REAL,"us,catch,perform,night,very.,picture,indicate,themselves.,star,behind,organization,put.,experts,discuss,ongoing,developments,climate,change."
R062,New Report on Budget Report,REAL,"improve,think,last,toward,sometimes,series,how.,especially,town,actually,environment,add,democrat,glass.,front,skill,clearly,condition.,experts,discuss,ongoing,developments,budget,report."
F033,Hoax Confirmed by Sources,FAKE,"debate,worker,picture,study,decade,imagine.,finish,already,common,find.,—,shocking,claims,hoax,surface,internet."
F012,Hoax Confirmed by Sources,FAKE,"step,moment,contain,put,marriage,day,nature.,father,usually,table,arm,along,cause.,—,shocking,claims,hoax,surface,internet."
R121,New Report on Research,REAL,"form,ten,boy,perform,charge,card,his.,rich,follow,market,try,receive,remain,recent.,experts,discuss,ongoing,developments,research."
F210,Aliens Confirmed by Sources,FAKE,"commercial,citizen,determine,enough,woman,that.,—,shocking,claims,aliens,surface,internet."
F151,Hoax Confirmed by Sources,FAKE,"score,order,well,want,theory.,pattern,doctor,mrs,share,military.,ability,like,difference,country,similar,even,owner.,—,shocking,claims,hoax,surface,internet."
F099,Secret Cure Confirmed by Sources,FAKE,"low,traditional,subject,avoid,garden,challenge,economic.,position,maybe,raise,religious,seek,environmental.,—,shocking,claims,secret,cure,surface,internet."
R090,New Report on Technology Breakthrough,REAL,"conference,degree,phone,buy,several,identify,film.,process,thought,trial.,resource,step,item.,experts,discuss,ongoing,developments,technology,breakthrough."
R125,New Report on Budget Report,REAL,"opportunity,training.,citizen,rest,add,memory.,experts,discuss,ongoing,developments,budget,report."
R091,New Report on Climate Change,REAL,"capital,back,television,teacher,force,industry,campaign.,movement,final,role,while.,like,within,sing,discuss,fall,name.,experts,discuss,ongoing,developments,climate,change."
R157,New Report on Climate Change,REAL,"happen,share,remain,believe,imagine,hospital,congress.,operation,college,congress,similar.,career,determine,whatever,need,force,among.,experts,discuss,ongoing,developments,climate,change."
F098,Miracle Drug Confirmed by Sources,FAKE,"focus,help,hotel,early,three,physical,free,hope.,management,million,fear,away,plan,charge.,enjoy,ever,agreement,add,ball,range.,—,shocking,claims,miracle,drug,surface,internet."
F164,Immortal Jellyfish Confirmed by Sources,FAKE,"quite,local,sense,hold.,news,give,cover,quickly,make.,word,large,star.,—,shocking,claims,immortal,jellyfish,surface,internet."
R050,New Report on Economic Growth,REAL,"today,prepare,stay,training,author.,job,doctor,order,rock,group.,long,usually,news,fund.,experts,discuss,ongoing,developments,economic,growth."
R249,New Report on Climate Change,REAL,"soon,behavior,work,one,should.,country,night,action,issue,he.,experts,discuss,ongoing,developments,climate,change."
R093,New Report on Election,REAL,"second,town,since.,think,movie,western,deal,put,fall,traditional.,raise,season,current,make.,experts,discuss,ongoing,developments,election."
R131,New Report on Education,REAL,"degree,upon,opportunity,wide,commercial,and.,right,kitchen,experience,design,personal,yeah,require.,popular,news,seem,during.,experts,discuss,ongoing,developments,education."
F107,Flat Earth Confirmed by Sources,FAKE,"understand,six,style,economy,step,present,would.,tend,physical,become.,voice,left,common,check,particularly,yet,key.,—,shocking,claims,flat,earth,surface,internet."
F153,Hoax Confirmed by Sources,FAKE,"product,less,mr.,positive,full,toward,knowledge,others.,—,shocking,claims,hoax,surface,internet."
F091,Flat Earth Confirmed by Sources,FAKE,"direction,argue,word,man,attention,successful,discussion.,future,person,sign,argue,discuss.,area,dinner,serious,compare,you.,—,shocking,claims,flat,earth,surface,internet."
R246,New Report on Economic Growth,REAL,"drug,scientist,mind,kitchen,do.,feel,air,close,both.,experts,discuss,ongoing,developments,economic,growth."
F004,Secret Cure Confirmed by Sources,FAKE,"according,factor,feel,growth,wind.,—,shocking,claims,secret,cure,surface,internet."
F220,Celebrity Scandal Confirmed by Sources,FAKE,"together,spend,form,statement,agreement,none.,huge,charge,remember.,certain,some.,—,shocking,claims,celebrity,scandal,surface,internet."
F121,Hoax Confirmed by Sources,FAKE,"foot,medical,animal,organization,reality.,tonight,city,challenge,life,despite,similar,source.,wonder,commercial,land,standard,particularly,arm,education.,—,shocking,claims,hoax,surface,internet."
F245,Mind Control Confirmed by Sources,FAKE,"development,house,letter,anyone,subject,return.,meeting,early,claim.,—,shocking,claims,mind,control,surface,internet."
R035,New Report on Climate Change,REAL,"usually,voice,hit,long,finish.,close,start,consider,mission.,visit,toward,admit,establish.,may,recently,often,security,quite,from.,experts,discuss,ongoing,developments,climate,change."
R024,New Report on Education,REAL,"worry,respond,subject,really,say,cultural,whose.,dream,house,kitchen,possible,chance.,within,bed,school,group,cause,indeed,six.,experts,discuss,ongoing,developments,education."
F079,Miracle Drug Confirmed by Sources,FAKE,"society,law,hit,discussion,top,catch.,probably,always,something,within,home,kitchen,identify.,receive,find,response.,—,shocking,claims,miracle,drug,surface,internet."
R094,New Report on Policy,REAL,"prevent,past,without,eye,difference,itself.,experts,discuss,ongoing,developments,policy."
R040,New Report on Policy,REAL,"agreement,science,serious,short,minute.,dinner,institution,party,attorney,produce,amount.,surface,hope,happen,key.,experts,discuss,ongoing,developments,policy."
F170,Immortal Jellyfish Confirmed by Sources,FAKE,"rule,surface,hospital,institution.,ago,class,room,forward.,respond,approach,radio.,fine,surface,sometimes.,—,shocking,claims,immortal,jellyfish,surface,internet."
F130,Immortal Jellyfish Confirmed by Sources,FAKE,"debate,use,sit,star.,shake,though,participant,put,close,science.,—,shocking,claims,immortal,jellyfish,surface,internet."
R085,New Report on Economic Growth,REAL,"author,sit,responsibility,sense,less,summer,seven.,experts,discuss,ongoing,developments,economic,growth."
R054,New Report on Budget Report,REAL,"hear,physical,final.,traditional,second,avoid,bed,city,energy.,walk,million,marriage,message.,explain,kid,make,still.,experts,discuss,ongoing,developments,budget,report."
R047,New Report on Technology Breakthrough,REAL,"toward,find,long,offer.,style,ability,attention.,experts,discuss,ongoing,developments,technology,breakthrough."
R199,New Report on Economic Growth,REAL,"real,scientist,major,behind,would.,experts,discuss,ongoing,developments,economic,growth."
F062,Miracle Drug Confirmed by Sources,FAKE,"practice,natural,perhaps,study,future,population,fact.,drug,east,trial,kitchen,lot,four,free.,couple,set,dark,hospital,start,hope,garden.,—,shocking,claims,miracle,drug,surface,internet."
R244,New Report on Technology Breakthrough,REAL,"health,simple,ago.,really,military,perhaps,soldier,myself.,experts,discuss,ongoing,developments,technology,breakthrough."
R107,New Report on Election,REAL,"race,somebody,race,right,instead,individual.,black,age,value,nothing,bank,eight,career.,experts,discuss,ongoing,developments,election."
F148,Aliens Confirmed by Sources,FAKE,"day,use,heavy.,son,customer,run,amount.,detail,production,better,reflect.,suffer,base,painting,shoulder.,—,shocking,claims,aliens,surface,internet."
F023,Mind Control Confirmed by Sources,FAKE,"apply,pressure,environmental,program,must.,idea,positive,republican,discuss,position,company,ball.,article,door,suffer,computer,identify,government.,—,shocking,claims,mind,control,surface,internet."
R075,New Report on Budget Report,REAL,"mean,box,grow,method,mrs.,air,international,give,subject.,democratic,describe,great,without,represent,difficult,soldier.,experts,discuss,ongoing,developments,budget,report."
R220,New Report on Public Health,REAL,"space,large,arm,human,hear,and.,worker,behind,heavy,suddenly.,experts,discuss,ongoing,developments,public,health."
R099,New Report on Economic Growth,REAL,"exist,authority,live,leg.,experts,discuss,ongoing,developments,economic,growth."
F066,Flat Earth Confirmed by Sources,FAKE,"trip,pm,every,writer,perform,design,majority.,fish,visit,thing,author,many,development,box.,necessary,ten,scene,short,ball,local,medical,community.,—,shocking,claims,flat,earth,surface,internet."
F060,Flat Earth Confirmed by Sources,FAKE,"base,star,meet,moment,if.,—,shocking,claims,flat,earth,surface,internet."
F022,Government Cover-Up Confirmed by Sources,FAKE,"policy,drop,defense.,ask,soon,school,focus.,within,back,move,just.,—,shocking,claims,government,cover-up,surface,internet."
F127,Mind Control Confirmed by Sources,FAKE,"two,time,figure,market,big.,relationship,commercial,conference,strong.,—,shocking,claims,mind,control,surface,internet."
R212,New Report on Education,REAL,"great,might,for.,everything,tonight,hard.,race,turn,tend,energy.,effort,popular,easy,knowledge,education.,experts,discuss,ongoing,developments,education."
F119,Mind Control Confirmed by Sources,FAKE,"raise,even,magazine,century,from.,safe,sister,care.,anyone,soldier,door,yeah.,—,shocking,claims,mind,control,surface,internet."
F103,Hoax Confirmed by Sources,FAKE,"staff,three,keep,sea,painting.,send.,son,worry,attorney,occur.,—,shocking,claims,hoax,surface,internet."
F191,Mind Control Confirmed by Sources,FAKE,"end,type,shake,reflect,us.,executive,involve,floor,firm,relationship,level.,worker,read,owner,experience.,—,shocking,claims,mind,control,surface,internet."
F002,Mind Control Confirmed by Sources,FAKE,"thing,fight,past,language.,call,federal,central,including.,character,nearly,father,tax,design.,—,shocking,claims,mind,control,surface,internet."
R155,New Report on Election,REAL,"learn,miss,control,identify.,majority,southern,mother,color,dinner,as.,experts,discuss,ongoing,developments,election."
R006,New Report on Technology Breakthrough,REAL,"rather,everything,book,until.,media,final,action,clearly,size,indeed,someone.,experts,discuss,ongoing,developments,technology,breakthrough."
F086,Government Cover-Up Confirmed by Sources,FAKE,"strategy,identify,perhaps.,watch,several,poor,relate.,parent,eye,contain,animal,level,happy,hotel.,—,shocking,claims,government,cover-up,surface,internet."
R168,New Report on Election,REAL,"quickly,start,least,discover.,hard,agree,decade,second.,poor,decade,challenge,age,world,describe.,experts,discuss,ongoing,developments,election."
R077,New Report on Public Health,REAL,"around,area,international,field,evidence,above.,back,natural,method,wear,know.,experts,discuss,ongoing,developments,public,health."
F209,Hoax Confirmed by Sources,FAKE,"design,success,anyone,strong,certain.,—,shocking,claims,hoax,surface,internet."
R236,New Report on Public Health,REAL,"full,degree,choice,light,director,nature.,window,section,star,whatever,face,sea.,reach,information,project,toward,arm.,experts,discuss,ongoing,developments,public,health."
F186,Aliens Confirmed by Sources,FAKE,"area,glass,medical,detail,point,light.,yard,claim,foot.,member,rather,follow,senior,old.,—,shocking,claims,aliens,surface,internet."
R243,New Report on Public Health,REAL,"subject,authority,among,agree.,hotel,scientist,score,general,spring.,top,treat,statement,five,enter,spend.,experts,discuss,ongoing,developments,public,health."
F094,Immortal Jellyfish Confirmed by Sources,FAKE,"artist,natural,your.,—,shocking,claims,immortal,jellyfish,surface,internet."
R032,New Report on Economic Growth,REAL,"deal,mr,group,enjoy,maybe,system,former.,report,degree,million,site.,common,share,movement,capital,leave,often,answer.,experts,discuss,ongoing,developments,economic,growth."
R033,New Report on Education,REAL,"effort,source,light,today,challenge.,three,success,trouble,week.,experts,discuss,ongoing,developments,education."
R045,New Report on Technology Breakthrough,REAL,"doctor,order,left,democratic,modern,leader,subject.,experts,discuss,ongoing,developments,technology,breakthrough."
R116,New Report on Education,REAL,"task,lead,action.,everything,catch,rate.,cold,realize,camera.,experts,discuss,ongoing,developments,education."
F056,Celebrity Scandal Confirmed by Sources,FAKE,"suggest,including,represent,child,director.,difference,plan,medical,many,fish,tree,claim.,guess,score,pretty,tv.,—,shocking,claims,celebrity,scandal,surface,internet."
R043,New Report on Policy,REAL,"lawyer,lay,whole,we.,relate,action,store,home,poor.,agent,long,energy,age,star.,explain,really,want,back,avoid,middle,help.,experts,discuss,ongoing,developments,policy."
R145,New Report on Economic Growth,REAL,"left,area,western,people,choose.,trip,always,history,cultural,rock,child,as.,experts,discuss,ongoing,developments,economic,growth."
F200,Secret Cure Confirmed by Sources,FAKE,"beat,lawyer,note,type,term,half.,—,shocking,claims,secret,cure,surface,internet."
F034,Celebrity Scandal Confirmed by Sources,FAKE,"candidate,wonder,probably.,recognize,side,charge,teach,drop,price,whole.,—,shocking,claims,celebrity,scandal,surface,internet."
F149,Secret Cure Confirmed by Sources,FAKE,"whose,read,expect,either,soon,condition,hot.,—,shocking,claims,secret,cure,surface,internet."
F051,Secret Cure Confirmed by Sources,FAKE,"thing,point,attorney,inside,pay,international.,international,face,soldier,represent.,nothing,within,manager,main.,—,shocking,claims,secret,cure,surface,internet."
F089,Flat Earth Confirmed by Sources,FAKE,"lead,fish,owner,fill.,author,today,party,front.,—,shocking,claims,flat,earth,surface,internet."
F135,Flat Earth Confirmed by Sources,FAKE,"significant,board,partner,century,page.,worry,set,government,alone,plant,design.,decision,four,series,pass,back,particular,mother.,dark,however,reflect,quite,stage,gun,almost.,—,shocking,claims,flat,earth,surface,internet."
F088,Government Cover-Up Confirmed by Sources,FAKE,"realize,bad,federal,human,issue.,machine,pattern,change,daughter,level.,name,participant,young,spend,answer,dinner.,—,shocking,claims,government,cover-up,surface,internet."
R010,New Report on Election,REAL,"second,happen,deal,central,poor,close.,state,study,no.,experts,discuss,ongoing,developments,election."
R211,New Report on Policy,REAL,"white,challenge,staff,president,to.,newspaper,party,final,type,end.,experts,discuss,ongoing,developments,policy."
F204,Miracle Drug Confirmed by Sources,FAKE,"feeling,arm,boy,employee,new.,join,themselves.,security,laugh,light,approach,kid.,—,shocking,claims,miracle,drug,surface,internet."
F168,Miracle Drug Confirmed by Sources,FAKE,"expert,movement,day,game,receive,chair.,factor,tv,anyone,list,level.,—,shocking,claims,miracle,drug,surface,internet."
R011,New Report on Public Health,REAL,"effect,sit,doctor.,ten,consider,station,hope,production.,experts,discuss,ongoing,developments,public,health."
R232,New Report on Climate Change,REAL,"chair,general,team,medical,sister,them.,relationship,power,main,language,sell,decision.,cut,site,recent,find.,experts,discuss,ongoing,developments,climate,change."
R042,New Report on Public Health,REAL,"modern,owner,per,particularly,find,usually.,experts,discuss,ongoing,developments,public,health."
F182,Hoax Confirmed by Sources,FAKE,"east,next,need,dream,best,here.,want,firm,degree,window,performance.,—,shocking,claims,hoax,surface,internet."
F036,Miracle Drug Confirmed by Sources,FAKE,"baby,property,offer,run.,reach,contain,never.,—,shocking,claims,miracle,drug,surface,internet."
F068,Secret Cure Confirmed by Sources,FAKE,"purpose,black,describe,court.,foreign,fact,part,during.,fund,produce,animal,suggest,mrs.,—,shocking,claims,secret,cure,surface,internet."
R015,New Report on Election,REAL,"decade,matter,exist,add,edge,sport,form.,environment,father,interest.,experts,discuss,ongoing,developments,election."
R147,New Report on Climate Change,REAL,"last,site,history,difference,walk,indicate.,pull,detail,go,bed,challenge.,establish,goal,green,expect,world.,experts,discuss,ongoing,developments,climate,change."
F198,Government Cover-Up Confirmed by Sources,FAKE,"today,stuff,federal,join,third.,development,measure,check.,prevent,foreign,production.,better,focus,moment,soldier,moment.,—,shocking,claims,government,cover-up,surface,internet."
R081,New Report on Climate Change,REAL,"resource,garden,life,can.,hand,become,eat,meeting,medical,throughout,day.,experts,discuss,ongoing,developments,climate,change."
F050,Aliens Confirmed by Sources,FAKE,"fight,open,age,board.,record,media,gas,staff.,—,shocking,claims,aliens,surface,internet."
F162,Celebrity Scandal Confirmed by Sources,FAKE,"shake,modern,water.,accept,two,tell,total,food,catch.,north,ahead,outside,state,class,why.,—,shocking,claims,celebrity,scandal,surface,internet."
R028,New Report on Technology Breakthrough,REAL,"teach,upon,soldier,simply,participant.,degree,relationship,general,small,rather,season,prepare.,experts,discuss,ongoing,developments,technology,breakthrough."
R195,New Report on Budget Report,REAL,"per,treatment,send,identify,continue,real.,consider,prove,two.,none,politics,art,high,history,dream,state.,experts,discuss,ongoing,developments,budget,report."
F116,Aliens Confirmed by Sources,FAKE,"let,first,doctor,measure,cut,successful.,—,shocking,claims,aliens,surface,internet."
R018,New Report on Research,REAL,"participant,check,read,finally,despite.,movement,throughout,fear.,experts,discuss,ongoing,developments,research."
F073,Immortal Jellyfish Confirmed by Sources,FAKE,"money,reveal,republican,may,including,give,loss,growth.,especially,along,democratic,face,executive.,control,peace,consider,daughter.,—,shocking,claims,immortal,jellyfish,surface,internet."
F059,Miracle Drug Confirmed by Sources,FAKE,"brother,laugh,set.,believe,yeah,cold,specific.,clear,apply,season.,participant,south,all.,—,shocking,claims,miracle,drug,surface,internet."
R078,New Report on Budget Report,REAL,"clear,read,support,low.,left,vote,free,table.,interview,garden,often,strategy,billion,analysis.,experts,discuss,ongoing,developments,budget,report."
F216,Secret Cure Confirmed by Sources,FAKE,"heart,site,start.,study,effort,hit.,—,shocking,claims,secret,cure,surface,internet."
F206,Celebrity Scandal Confirmed by Sources,FAKE,"draw,somebody,occur,enough.,drug,bar,example,own.,cup,kid,million,peace,goal.,—,shocking,claims,celebrity,scandal,surface,internet."
R036,New Report on Research,REAL,"foot,trial,sell.,drug,beyond,month.,experts,discuss,ongoing,developments,research."
F104,Aliens Confirmed by Sources,FAKE,"view,improve,suggest,every,process,child.,develop,work,possible,old,seem,live.,whose,term,shake,yes,act,today.,history,beyond,us,hard,board,sense,because.,—,shocking,claims,aliens,surface,internet."
F000,Hoax Confirmed by Sources,FAKE,"program,job,factor,laugh,put,arm,group,yeah.,whose,story,case,front,certainly,wind.,member,represent,front,firm.,—,shocking,claims,hoax,surface,internet."
R136,New Report on Education,REAL,"catch,mr,star,day,wish.,company,risk,beyond,management.,experts,discuss,ongoing,developments,education."
F019,Immortal Jellyfish Confirmed by Sources,FAKE,"tree,prevent,ahead,add.,civil,year,trip.,cultural,personal,condition,surface.,according,account.,—,shocking,claims,immortal,jellyfish,surface,internet."
R012,New Report on Technology Breakthrough,REAL,"republican,girl,travel,however,matter,majority,activity.,experts,discuss,ongoing,developments,technology,breakthrough."
R052,New Report on Education,REAL,"perform,theory,wall,idea,door,part.,movement,actually,let,friend,yeah,area,point.,experts,discuss,ongoing,developments,education."
R123,New Report on Climate Change,REAL,"boy,always,international,again.,usually,onto,government,heavy,computer,example.,audience,stop,cost,list,father,little.,experts,discuss,ongoing,developments,climate,change."
F040,Government Cover-Up Confirmed by Sources,FAKE,"eye,bring,decision,out.,trouble,face,cause,affect,view.,career,class,avoid,article,spring,positive,similar,road.,—,shocking,claims,government,cover-up,surface,internet."
R160,New Report on Climate Change,REAL,"star,onto,case,attack,scientist,experience,clear.,experts,discuss,ongoing,developments,climate,change."
F067,Immortal Jellyfish Confirmed by Sources,FAKE,"century,trip,price,safe,anyone.,—,shocking,claims,immortal,jellyfish,surface,internet."
R069,New Report on Research,REAL,"east,throw,exactly,executive,agent,manager.,experts,discuss,ongoing,developments,research."
F160,Mind Control Confirmed by Sources,FAKE,"international,kitchen,specific,worry,way.,—,shocking,claims,mind,control,surface,internet."
F053,Hoax Confirmed by Sources,FAKE,"author,space,decade,sister,throughout.,southern,course,sell.,week,forward,every,relate,operation,style.,—,shocking,claims,hoax,surface,internet."
R074,New Report on Education,REAL,"information,to.,hospital,hundred,effort,woman,technology,interview.,far,executive,us,five,arrive,wall,theory.,send,marriage,father.,experts,discuss,ongoing,developments,education."
R007,New Report on Election,REAL,"heart,next,cover.,effort,like,spend,put.,mr,fill,knowledge.,experts,discuss,ongoing,developments,election."
R119,New Report on Climate Change,REAL,"set,region,interest,require,among.,experts,discuss,ongoing,developments,climate,change."
R087,New Report on Budget Report,REAL,"evidence,year,paper,various,tonight,race.,science,huge,whose,science,author,station.,experts,discuss,ongoing,developments,budget,report."
F145,Miracle Drug Confirmed by Sources,FAKE,"evening,camera,hospital,order,north,great,nation.,—,shocking,claims,miracle,drug,surface,internet."
R065,New Report on Budget Report,REAL,"environmental,month,run,bed,much,stand.,far,without,study.,involve,protect,mean,every,together,unit.,experts,discuss,ongoing,developments,budget,report."
R208,New Report on Budget Report,REAL,"red,alone,relationship,child.,best,box,box.,experts,discuss,ongoing,developments,budget,report."
R048,New Report on Budget Report,REAL,"shake,reality,treatment.,style,improve,energy,nor.,experts,discuss,ongoing,developments,budget,report."
F076,Aliens Confirmed by Sources,FAKE,"large,enough,pattern,language,ten,sport,none.,story,home,car,hold.,character,media,month,sure,around.,—,shocking,claims,aliens,surface,internet."
R019,New Report on Policy,REAL,"police,expect,girl,fast,local,property.,article,indicate,body,determine,alone,finish.,experts,discuss,ongoing,developments,policy."
F115,Immortal Jellyfish Confirmed by Sources,FAKE,"eat,level,industry,understand,move,cold.,good,industry,appear,success,change,recently.,—,shocking,claims,immortal,jellyfish,surface,internet."
R031,New Report on Education,REAL,"entire,skin,physical,seek.,south,direction,note,clearly,population,including.,forward,play,north,couple.,experts,discuss,ongoing,developments,education."
R190,New Report on Research,REAL,"former,ask,instead,big.,scientist,quickly,century,help,third.,official,reach,actually,security.,experts,discuss,ongoing,developments,research."
F057,Mind Control Confirmed by Sources,FAKE,"enough,commercial,serious,culture,i.,push,fall,final.,way,see,avoid,sense,describe.,—,shocking,claims,mind,control,surface,internet."
F158,Immortal Jellyfish Confirmed by Sources,FAKE,"music,serious,medical,realize,least,true.,develop,maintain,strategy.,wonder,coach,state,education,seek,religious.,—,shocking,claims,immortal,jellyfish,surface,internet."
F234,Flat Earth Confirmed by Sources,FAKE,"exactly,rate,public,reflect,fund,parent,film.,successful,level,information,serve.,—,shocking,claims,flat,earth,surface,internet."
F155,Flat Earth Confirmed by Sources,FAKE,"government,story,personal,throughout,model.,enter,play,month,one,peace,training,into.,approach,owner,night,republican.,—,shocking,claims,flat,earth,surface,internet."
F106,Flat Earth Confirmed by Sources,FAKE,"hot,republican,necessary,wrong.,since,beautiful,address.,—,shocking,claims,flat,earth,surface,internet."
R051,New Report on Policy,REAL,"hundred,middle,option,close,realize.,sit,soon,seat,born,create,next,sister.,experts,discuss,ongoing,developments,policy."
R203,New Report on Education,REAL,"let,home,international,world,receive,population.,physical,main,administration,character,choose.,night,former,concern,edge,ok,budget.,experts,discuss,ongoing,developments,education."
F063,Secret Cure Confirmed by Sources,FAKE,"ever,opportunity,lose,attorney,capital,pull.,place,week,best,daughter,small,let,coach.,—,shocking,claims,secret,cure,surface,internet."
R080,New Report on Policy,REAL,"health,state,thus,mission,stage,why.,give,decide,service,modern,list,couple.,experts,discuss,ongoing,developments,policy."
R226,New Report on Public Health,REAL,"plant,purpose,amount,whose,main,newspaper.,deep,billion,inside,pull,argue,system,good.,experts,discuss,ongoing,developments,public,health."
F144,Hoax Confirmed by Sources,FAKE,"figure,hospital,cost,easy.,congress,cold,radio.,—,shocking,claims,hoax,surface,internet."
F241,Flat Earth Confirmed by Sources,FAKE,"run,health,soldier,four.,reflect,campaign,call,chance,forget.,action,least,gun,trip,agency.,share,break.,—,shocking,claims,flat,earth,surface,internet."
R150,New Report on Election,REAL,"drug,cell,research,top,may.,nearly,rock,decision,her.,huge,well,stage,maintain,first,their.,experts,discuss,ongoing,developments,election."
R153,New Report on Research,REAL,"bad,join,performance,ability,american,may.,leader,low,let,clear.,experts,discuss,ongoing,developments,research."
F175,Hoax Confirmed by Sources,FAKE,"maintain,rock,crime,job.,administration,brother,trouble,short.,half,ago,year,population,dark.,—,shocking,claims,hoax,surface,internet."
F161,Immortal Jellyfish Confirmed by Sources,FAKE,"rate,attorney,couple.,feel,tax,watch.,box,born,college,great.,—,shocking,claims,immortal,jellyfish,surface,internet."
F147,Secret Cure Confirmed by Sources,FAKE,"beat,hotel,simply.,raise,culture,bed,civil.,—,shocking,claims,secret,cure,surface,internet."
F018,Secret Cure Confirmed by Sources,FAKE,"time,away,floor,final,our.,account,vote,high,or.,radio,push,huge,world.,—,shocking,claims,secret,cure,surface,internet."
F211,Celebrity Scandal Confirmed by Sources,FAKE,"country,manager,interest,manage,some.,fact,deal,activity,bank.,exist,respond,bag,least,military,teach.,entire,health,sister,parent,somebody,notice.,—,shocking,claims,celebrity,scandal,surface,internet."
R117,New Report on Research,REAL,"standard,kitchen,page,language,career,teacher,or.,better,blue,tonight,either,pull,stock,head.,customer,effort,early,want,land,response.,experts,discuss,ongoing,developments,research."
F016,Aliens Confirmed by Sources,FAKE,"open,lead,glass,seek,staff,least,pm,room.,far,deal,talk,not.,social,remember,others,tonight,vote.,—,shocking,claims,aliens,surface,internet."
F029,Flat Earth Confirmed by Sources,FAKE,"guy,long,color,top,know.,—,shocking,claims,flat,earth,surface,internet."
F205,Celebrity Scandal Confirmed by Sources,FAKE,"food,board,physical,consumer,among.,possible,recognize,short,career,summer,actually,how.,adult,left,exist,forget,dog,decade,discover.,—,shocking,claims,celebrity,scandal,surface,internet."
R112,New Report on Economic Growth,REAL,"already,power,fine,upon.,executive,war,team,care,wife,leader,finish,local.,contain,example,want,maybe,back.,experts,discuss,ongoing,developments,economic,growth."
F218,Government Cover-Up Confirmed by Sources,FAKE,"sport,operation,three,same.,financial,woman,explain,mission,risk,economy.,worker,wrong,also,story,yard,interesting.,—,shocking,claims,government,cover-up,surface,internet."
R187,New Report on Education,REAL,"peace,security,hundred,mr,drive,public,boy.,sign,smile,option,forward,doctor,language,tend.,join,often,peace,well,big,economic.,experts,discuss,ongoing,developments,education."
F087,Celebrity Scandal Confirmed by Sources,FAKE,"western,less,become,movie,movie,court.,road,opportunity,cup.,—,shocking,claims,celebrity,scandal,surface,internet."
R171,New Report on Education,REAL,"although,might,name,position,win.,somebody,generation,goal,government,tv.,thousand,drive,already,road,direction.,experts,discuss,ongoing,developments,education."
R113,New Report on Technology Breakthrough,REAL,"stay,sometimes,town.,officer,focus,tonight,arrive.,measure,wait,international,art,couple.,experts,discuss,ongoing,developments,technology,breakthrough."
R222,New Report on Public Health,REAL,"heart,offer,tree,total,early,around.,experts,discuss,ongoing,developments,public,health."
F233,Secret Cure Confirmed by Sources,FAKE,"heart,network,list,unit.,participant,beyond,practice,growth.,see,together,sing,low,but.,recent,head,upon,financial,work,support.,—,shocking,claims,secret,cure,surface,internet."
R223,New Report on Climate Change,REAL,"part,international,number,spring,market.,road,share,measure,participant,thousand,hospital.,international,serve,mind,discussion,place,cut,audience.,experts,discuss,ongoing,developments,climate,change."
F224,Secret Cure Confirmed by Sources,FAKE,"society,amount,dream,worry,fact,step,stand.,phone,movie,time,quite,final.,per,tell,sea,everybody,just.,—,shocking,claims,secret,cure,surface,internet."
R181,New Report on Climate Change,REAL,"interest,able,risk,serve,huge,war,head.,reflect,son,full.,miss,expect,offer,wall,rest.,experts,discuss,ongoing,developments,climate,change."
R056,New Report on Public Health,REAL,"treatment,course,heart,far.,especially,science,wind,name,phone,though,soon,majority.,beat,pretty,marriage,service,hospital.,hair,data,people.,experts,discuss,ongoing,developments,public,health."
R110,New Report on Education,REAL,"rich,other.,interest,tell,offer.,experts,discuss,ongoing,developments,education."
R219,New Report on Education,REAL,"conference,possible,ball,center,lead.,talk,certain,loss,raise,next,right,design.,member,everybody,worker,them.,experts,discuss,ongoing,developments,education."
R224,New Report on Education,REAL,"doctor,number,require,major.,security,risk,amount,involve,response.,necessary,apply,world,later,let.,experts,discuss,ongoing,developments,education."
F178,Immortal Jellyfish Confirmed by Sources,FAKE,"effort,teach,forward,animal,physical,heavy,animal,building.,possible,often,use,teach.,many,wrong,senior,laugh,front.,—,shocking,claims,immortal,jellyfish,surface,internet."
F074,Secret Cure Confirmed by Sources,FAKE,"clear,others,east,analysis,head.,force,might,contain,subject,three,put.,—,shocking,claims,secret,cure,surface,internet."
R034,New Report on Budget Report,REAL,"old,election,film,eat,again.,sell,project,blue,together,size,significant,system.,civil,kid,tell,more.,experts,discuss,ongoing,developments,budget,report."
R095,New Report on Policy,REAL,"first,apply,attack,final,community,recently,like.,phone,list,field,hope,social.,pretty,gas,long,down.,experts,discuss,ongoing,developments,policy."
F011,Aliens Confirmed by Sources,FAKE,"choice,shoulder,term,include,him.,teacher,chance,inside,word.,thing,congress,conference,card,better.,—,shocking,claims,aliens,surface,internet."
R162,New Report on Policy,REAL,"yet,situation,always,manage,explain.,political,employee,child,glass,moment,side.,experts,discuss,ongoing,developments,policy."
R218,New Report on Election,REAL,"parent,tax,push,professional,enough,read,once.,region,enjoy,behind,military,woman.,traditional,show.,experts,discuss,ongoing,developments,election."
F136,Miracle Drug Confirmed by Sources,FAKE,"mr,thought,respond,including,that.,travel,professor,red,first.,—,shocking,claims,miracle,drug,surface,internet."
R108,New Report on Economic Growth,REAL,"unit,hand,people,want,senior,operation,these.,mean,almost,alone.,open,quickly,partner,until.,experts,discuss,ongoing,developments,economic,growth."
R186,New Report on Research,REAL,"career,east,mission,nearly.,experts,discuss,ongoing,developments,research."
R248,New Report on Technology Breakthrough,REAL,"meeting,source,majority,audience,rock.,rock,risk,attorney,bring.,experience,compare,nearly,official.,experts,discuss,ongoing,developments,technology,breakthrough."
F045,Immortal Jellyfish Confirmed by Sources,FAKE,"manager,box,maintain,majority.,agreement,although,forward,forget,return,country,unit,whatever.,—,shocking,claims,immortal,jellyfish,surface,internet."
F092,Secret Cure Confirmed by Sources,FAKE,"education,pass,ready,use,language.,audience,sister,mention,head,total.,—,shocking,claims,secret,cure,surface,internet."
R100,New Report on Technology Breakthrough,REAL,"lot,concern,create,truth,watch.,experts,discuss,ongoing,developments,technology,breakthrough."
F075,Miracle Drug Confirmed by Sources,FAKE,"deep,office,crime,girl,budget,admit,end.,speech,mrs,away,college,direction.,—,shocking,claims,miracle,drug,surface,internet."
R059,New Report on Technology Breakthrough,REAL,"board,behind,name,man,machine,consider,during.,study,maybe,easy,culture,into.,machine,six,hospital.,experts,discuss,ongoing,developments,technology,breakthrough."
F213,Hoax Confirmed by Sources,FAKE,"point,finish,big,often,investment,police.,pass,game.,condition,really,effort,job.,—,shocking,claims,hoax,surface,internet."
R233,New Report on Education,REAL,"door,easy.,experts,discuss,ongoing,developments,education."
F072,Mind Control Confirmed by Sources,FAKE,"idea,sometimes,sea,audience,american.,boy,still,television,region,share,true,southern.,—,shocking,claims,mind,control,surface,internet."
R184,New Report on Budget Report,REAL,"still,remember,plant,two.,recently,school,whatever.,experts,discuss,ongoing,developments,budget,report."
F134,Secret Cure Confirmed by Sources,FAKE,"beyond,word,eye,peace,trip,wrong.,end,station,direction,recognize,ahead,huge.,perform,bag,always,investment.,—,shocking,claims,secret,cure,surface,internet."
R096,New Report on Research,REAL,"heart,imagine,plan.,natural,scientist,degree,reveal,hundred.,happy,adult,floor,figure,provide.,best,shoulder,fall,manage,parent,quite.,experts,discuss,ongoing,developments,research."
R020,New Report on Policy,REAL,"owner,one,response,light,father,training.,probably,assume,system.,experts,discuss,ongoing,developments,policy."
R067,New Report on Policy,REAL,"yes,teacher,bring.,moment,allow,carry,local.,experts,discuss,ongoing,developments,policy."
R215,New Report on Education,REAL,"police,manager,anyone,father,adult,near.,mission,lead,yet,north,including.,experts,discuss,ongoing,developments,education."
R127,New Report on Policy,REAL,"generation,ability.,condition,despite,last,main.,experts,discuss,ongoing,developments,policy."
R235,New Report on Technology Breakthrough,REAL,"arm,raise,building.,experts,discuss,ongoing,developments,technology,breakthrough."
R163,New Report on Climate Change,REAL,"walk,draw,event,chair,old,often,final,against.,second,although,writer,short,pretty,no.,artist,authority,glass,professional.,experts,discuss,ongoing,developments,climate,change."
R002,New Report on Education,REAL,"white,finish,professor,quickly,to.,explain,style,open,sign,likely,information.,experts,discuss,ongoing,developments,education."
R021,New Report on Education,REAL,"role,democratic,person,cell,table.,attack,entire,partner,huge,bring,state.,build,finish,large,eye.,experts,discuss,ongoing,developments,education."
R013,New Report on Technology Breakthrough,REAL,"play,always,experience,nature,kind,positive,image.,college,several,sell,commercial,capital,war,sure,record.,experts,discuss,ongoing,developments,technology,breakthrough."
F195,Flat Earth Confirmed by Sources,FAKE,"draw,provide,bank,too.,voice,image,sport,truth,that.,product,threat,talk,once.,—,shocking,claims,flat,earth,surface,internet."
R101,New Report on Research,REAL,"half,seek.,hour,nearly,everybody,child,time,nature,huge.,ahead,guess,miss,spring,better.,experts,discuss,ongoing,developments,research."
R055,New Report on Research,REAL,"several,cell,sense,international,politics,may.,drive,education,soon,tree,forget,court.,experts,discuss,ongoing,developments,research."
F190,Secret Cure Confirmed by Sources,FAKE,"cover,society,character.,game,center,result,set,program,agent.,compare,interview,town,little,best,worry,small.,—,shocking,claims,secret,cure,surface,internet."
R004,New Report on Education,REAL,"paper,success,various,already.,experts,discuss,ongoing,developments,education."
F080,Celebrity Scandal Confirmed by Sources,FAKE,"college,rather,common,issue,edge,use.,know,view,bag,stand,along,kid,fear.,—,shocking,claims,celebrity,scandal,surface,internet."
F049,Hoax Confirmed by Sources,FAKE,"stand,blue,choice,deal.,draw,put,professor,appear.,firm,even,business,difficult,dark,local,without.,—,shocking,claims,hoax,surface,internet."
F184,Secret Cure Confirmed by Sources,FAKE,"field,town,east,everything,else.,night,phone,cost,similar,question,during.,—,shocking,claims,secret,cure,surface,internet."
F030,Secret Cure Confirmed by Sources,FAKE,"fish,start,represent,marriage,building,way,draw,couple.,cup,series,outside,scientist,table,recent,in.,relate,rise,day,feel,cup,help.,—,shocking,claims,secret,cure,surface,internet."
R213,New Report on Budget Report,REAL,"still,tv,sometimes.,offer,stage,world,war,share,war.,require,usually,official,service,probably,model,seem,media.,experts,discuss,ongoing,developments,budget,report."
F128,Immortal Jellyfish Confirmed by Sources,FAKE,"table,four,building,garden,face,visit,month.,—,shocking,claims,immortal,jellyfish,surface,internet."
R231,New Report on Policy,REAL,"fire,miss,drug,per,account.,none,offer,method,discussion,suggest.,seem,century,indicate,administration,return,enough.,experts,discuss,ongoing,developments,policy."
R061,New Report on Technology Breakthrough,REAL,"long,drug,score,leg,carry,rule.,might,mr,station,fine,person.,contain,represent,ready,design,first,mr.,experts,discuss,ongoing,developments,technology,breakthrough."
R137,New Report on Education,REAL,"job,big,child,possible,hundred.,choice,short,west.,rule,leave,gun,girl,away.,push,not.,experts,discuss,ongoing,developments,education."
R185,New Report on Technology Breakthrough,REAL,"nice,build,traditional,wall,perhaps,case.,american,cell,draw,worker,note.,drop,statement,kitchen,produce,practice,positive,item.,stage,recognize,environment,able,example,medical.,experts,discuss,ongoing,developments,technology,breakthrough."
R204,New Report on Technology Breakthrough,REAL,"push,seat,give,water,try,bed,nation.,happen,enjoy,find,myself.,experts,discuss,ongoing,developments,technology,breakthrough."
F217,Immortal Jellyfish Confirmed by Sources,FAKE,"western,figure,world,material.,difficult,forget,team,fear,sing.,behavior,conference,over.,tend,school,similar,occur,trip,nearly.,—,shocking,claims,immortal,jellyfish,surface,internet."
F176,Miracle Drug Confirmed by Sources,FAKE,"trade,million,program,coach,company,action,impact.,person,man,around,property,control,employee.,unit,kitchen,nor.,pass,moment,sure,magazine,hospital,agreement,agree,little.,—,shocking,claims,miracle,drug,surface,internet."
R245,New Report on Technology Breakthrough,REAL,"go,physical,source,situation,defense,environmental.,husband,include,song,public,security,born,involve.,experts,discuss,ongoing,developments,technology,breakthrough."
R104,New Report on Election,REAL,"need,investment,happen,table.,tell,property,risk,idea,summer.,republican,skin,loss,rate,get,truth.,experts,discuss,ongoing,developments,election."
F156,Flat Earth Confirmed by Sources,FAKE,"husband,line,american,and.,improve,ability,threat,plan.,—,shocking,claims,flat,earth,surface,internet."
R194,New Report on Election,REAL,"role,church,relationship,cause,program,avoid,and.,travel,benefit,among,window,fill,either,appear.,international,take,recognize.,experts,discuss,ongoing,developments,election."
R161,New Report on Technology Breakthrough,REAL,"computer,dream,law,parent,manage,report,audience,person.,everything,time,career,adult,law,four.,moment,chance,can.,experts,discuss,ongoing,developments,technology,breakthrough."
F113,Immortal Jellyfish Confirmed by Sources,FAKE,"environment,court,oil.,reach,class,trade,carry,total,realize.,operation,different,lawyer.,knowledge,someone,get,soon,job,safe,treat,create.,—,shocking,claims,immortal,jellyfish,surface,internet."
F150,Hoax Confirmed by Sources,FAKE,"perhaps,issue,measure.,—,shocking,claims,hoax,surface,internet."
F047,Miracle Drug Confirmed by Sources,FAKE,"choose,apply,shake,republican,night,race.,student,chair,address,several,office.,—,shocking,claims,miracle,drug,surface,internet."
F008,Hoax Confirmed by Sources,FAKE,"appear,weight,industry.,positive,fall,build,laugh.,—,shocking,claims,hoax,surface,internet."
F229,Aliens Confirmed by Sources,FAKE,"student,voice,sort,owner,owner,hour,who.,consumer,century,serve,affect,south.,garden,reveal,resource,collection,face.,—,shocking,claims,aliens,surface,internet."
R001,New Report on Research,REAL,"check,walk,sit,role,maintain.,treat,agreement,morning,travel,agent.,term,race,relationship,back,toward.,special,drop.,experts,discuss,ongoing,developments,research."
R241,New Report on Public Health,REAL,"reduce,operation,simply,successful,tell,east.,phone,suffer,head,account,music,line,word.,take,different,per,hand,turn,gun,adult.,thousand,necessary,life,camera,network.,experts,discuss,ongoing,developments,public,health."
R198,New Report on Climate Change,REAL,"successful,expert,page.,mention,memory,black,wear,book,truth.,pull,charge,society,situation,ago,green,charge.,try,beat,let.,experts,discuss,ongoing,developments,climate,change."
R229,New Report on Research,REAL,"close,policy,decide,evening,democratic,board.,factor,culture,yard.,moment,answer,child,group,ever.,experts,discuss,ongoing,developments,research."
R205,New Report on Public Health,REAL,"smile,say.,difficult,next,everyone,stop,perform,outside,control.,experts,discuss,ongoing,developments,public,health."
F123,Celebrity Scandal Confirmed by Sources,FAKE,"take,officer,movement,culture.,phone,month,mother,popular,vote.,—,shocking,claims,celebrity,scandal,surface,internet."
F043,Celebrity Scandal Confirmed by Sources,FAKE,"forward,difference,industry,strategy,mrs,main.,identify,community,finish,better,speak.,—,shocking,claims,celebrity,scandal,surface,internet."
F097,Celebrity Scandal Confirmed by Sources,FAKE,"past,skin,likely,artist,accept,second.,cell,production,growth,throughout,might,majority.,—,shocking,claims,celebrity,scandal,surface,internet."
R014,New Report on Research,REAL,"poor,rise,both.,something,star,ground,model,beat,lose,seat.,position,class,executive,catch,edge,cost.,experts,discuss,ongoing,developments,research."
F005,Flat Earth Confirmed by Sources,FAKE,"cold,benefit,parent,camera,main,ago,sit,however.,consumer,edge,enjoy,onto,second,him.,—,shocking,claims,flat,earth,surface,internet."
R234,New Report on Research,REAL,"learn,officer,long,provide,street.,decide,seem,money,determine.,experts,discuss,ongoing,developments,research."
F143,Aliens Confirmed by Sources,FAKE,"surface,tough,already,challenge,candidate.,never,price,pass,position,suddenly.,—,shocking,claims,aliens,surface,internet."
R073,New Report on Economic Growth,REAL,"part,thought,type,south.,finally,short.,experts,discuss,ongoing,developments,economic,growth."
R239,New Report on Education,REAL,"bring,writer,participant,whether,break.,investment,win,cultural,walk,green.,experts,discuss,ongoing,developments,education."
F181,Aliens Confirmed by Sources,FAKE,"movement,say,big.,situation,couple,doctor,run,treat,rise.,note,available,truth,main,everyone,land,form.,—,shocking,claims,aliens,surface,internet."
R138,New Report on Election,REAL,"wall,list,consumer,pass,interesting.,meet,pull,reality,already,cost,say.,letter,civil,wall,clear.,experts,discuss,ongoing,developments,election."
R172,New Report on Economic Growth,REAL,"spring,collection,federal,college.,follow,technology,reason,economy.,experts,discuss,ongoing,developments,economic,growth."
R143,New Report on Policy,REAL,"wait,consider,unit,right.,product,hear,music,drug,treat.,writer,line,response,rate.,experts,discuss,ongoing,developments,policy."
F166,Mind Control Confirmed by Sources,FAKE,"economic,task,success,health,above.,generation,dinner,note,south,health,skill.,—,shocking,claims,mind,control,surface,internet."
R003,New Report on Budget Report,REAL,"media,challenge,admit,color,color.,scientist,serve,particularly,cultural.,experts,discuss,ongoing,developments,budget,report."
R167,New Report on Climate Change,REAL,"large,yard,table,minute,science,feeling,visit.,drive,food,agree,term,language,popular.,stuff,lot,hold,listen,land,hand,nearly,lay.,fact,feel,risk,wide.,experts,discuss,ongoing,developments,climate,change."
R183,New Report on Climate Change,REAL,"note,true,even,company.,look,certainly,society,expect,capital,baby.,knowledge,institution,pretty,heavy,alone,home,organization.,experts,discuss,ongoing,developments,climate,change."
R238,New Report on Technology Breakthrough,REAL,"community,listen,forget,though.,coach,land,sense.,lot,base,alone,human,behavior,mrs,outside.,experts,discuss,ongoing,developments,technology,breakthrough."
R041,New Report on Election,REAL,"lose,different,voice,own.,experts,discuss,ongoing,developments,election."
F237,Government Cover-Up Confirmed by Sources,FAKE,"involve,onto,side,writer,morning,beautiful.,production,chair,nearly,tonight,ago.,—,shocking,claims,government,cover-up,surface,internet."
R086,New Report on Research,REAL,"image,forward,specific.,speak,reason.,yes,church,popular,measure,chance,skill.,experts,discuss,ongoing,developments,research."
R240,New Report on Policy,REAL,"official,little,culture,know,despite.,great,create,stay,deal.,experts,discuss,ongoing,developments,policy."
R133,New Report on Public Health,REAL,"former,market,beautiful,condition,friend.,strong,economic,several,thought,reach,development,determine,realize.,experts,discuss,ongoing,developments,public,health."
F044,Hoax Confirmed by Sources,FAKE,"land,dark,including,church,special.,light,special,record,worker,time,science.,new,education,continue.,—,shocking,claims,hoax,surface,internet."
F125,Government Cover-Up Confirmed by Sources,FAKE,"yes,pay,radio,send,health.,—,shocking,claims,government,cover-up,surface,internet."
F165,Secret Cure Confirmed by Sources,FAKE,"discuss,position,own.,day,oil,scene,current.,democrat,deal,unit,person.,—,shocking,claims,secret,cure,surface,internet."
F137,Flat Earth Confirmed by Sources,FAKE,"history,check,cut,window,every,ask,until.,action,daughter,place,blood.,fight,class,compare,budget,material,network.,—,shocking,claims,flat,earth,surface,internet."
R088,New Report on Research,REAL,"sit,window,theory,vote,physical,including.,let,take,condition,wear,challenge.,experts,discuss,ongoing,developments,research."
R169,New Report on Technology Breakthrough,REAL,"store,activity.,six,production,note,at.,experts,discuss,ongoing,developments,technology,breakthrough."
R193,New Report on Technology Breakthrough,REAL,"top,war,wonder,rise.,war,letter,structure,well.,history,garden,bag,player,maintain.,experts,discuss,ongoing,developments,technology,breakthrough."
F247,Mind Control Confirmed by Sources,FAKE,"want,structure,radio,way,call.,positive,ground,generation,land,read,father,newspaper.,game,medical,discuss,decision.,—,shocking,claims,mind,control,surface,internet."
R179,New Report on Technology Breakthrough,REAL,"necessary,several,behavior,difference,none.,also,mrs,test,market,mission,time,side,however.,experts,discuss,ongoing,developments,technology,breakthrough."
F138,Immortal Jellyfish Confirmed by Sources,FAKE,"choice,admit,enter,song,science.,easy,four,mouth.,—,shocking,claims,immortal,jellyfish,surface,internet."
R017,New Report on Policy,REAL,"notice,move,hour,resource.,mr,difficult,goal,customer,collection,same.,experts,discuss,ongoing,developments,policy."
F090,Mind Control Confirmed by Sources,FAKE,"world,garden,hear.,maybe,couple,fly,five,machine,long,rate.,—,shocking,claims,mind,control,surface,internet."
F222,Mind Control Confirmed by Sources,FAKE,"toward,fast,least,always,believe,kid.,painting,relationship,see,none.,education,however,form,office.,—,shocking,claims,mind,control,surface,internet."
R114,New Report on Climate Change,REAL,"every,accept,true,chance.,story,base,country,point.,experts,discuss,ongoing,developments,climate,change."
F235,Celebrity Scandal Confirmed by Sources,FAKE,"chance,reflect,field,adult,prevent,without.,check,discuss,know,hair.,reach,defense,site,standard,visit,price,certain.,increase,rich,hour.,—,shocking,claims,celebrity,scandal,surface,internet."
F185,Hoax Confirmed by Sources,FAKE,"cultural,big,another,page,against.,perhaps,market,important,window.,—,shocking,claims,hoax,surface,internet."
F221,Flat Earth Confirmed by Sources,FAKE,"third,morning,type,sense,season,if.,easy,one,wear,own.,—,shocking,claims,flat,earth,surface,internet."
F054,Secret Cure Confirmed by Sources,FAKE,"somebody,single,order,lead,even,family.,chair,couple,main,mr,something.,hear,adult,minute,remain.,—,shocking,claims,secret,cure,surface,internet."
R000,New Report on Public Health,REAL,"experience,third,run,key.,attack,low,letter,lot,where.,another,hard,hotel.,experts,discuss,ongoing,developments,public,health."
R178,New Report on Budget Report,REAL,"base,lose,concern,develop,model.,instead,involve,dark,senior.,experts,discuss,ongoing,developments,budget,report."
F006,Hoax Confirmed by Sources,FAKE,"sport,develop,condition,health,institution.,walk,strategy,natural,meeting,degree,yet.,career,main,president,material,simple.,—,shocking,claims,hoax,surface,internet."
F174,Secret Cure Confirmed by Sources,FAKE,"lose,thus.,nothing,effect,right,five,lose.,fact,phone,ever,data,question,fine.,—,shocking,claims,secret,cure,surface,internet."
R009,New Report on Election,REAL,"deal,suffer,right,teacher,example,strategy.,might,pressure,weight,expert,positive,among.,anyone,drive.,reason,day,issue.,experts,discuss,ongoing,developments,election."
R122,New Report on Economic Growth,REAL,"film,another,kitchen,rather,begin,bad,million.,ground,resource,get,growth,manager,relate,onto.,sit,far,music.,experts,discuss,ongoing,developments,economic,growth."
F189,Immortal Jellyfish Confirmed by Sources,FAKE,"every,happy,hit.,street,article,follow,month,growth,brother,age.,care,top,air,new,appear,resource.,sound,father,chance,key.,—,shocking,claims,immortal,jellyfish,surface,internet."
R146,New Report on Technology Breakthrough,REAL,"true,full,politics,process,common,yes.,bill,south,feel,five,job,future,benefit.,experts,discuss,ongoing,developments,technology,breakthrough."
R022,New Report on Climate Change,REAL,"consider,author,phone,face,analysis.,difficult,cover,along,seven,develop,source,try,your.,experts,discuss,ongoing,developments,climate,change."
F177,Aliens Confirmed by Sources,FAKE,"bank,exist,kind,year,conference.,sell,consider,century,air.,—,shocking,claims,aliens,surface,internet."
F021,Secret Cure Confirmed by Sources,FAKE,"stop,economy,heart,college,although.,church,police,ok.,let,bit,agree,pull,start.,—,shocking,claims,secret,cure,surface,internet."
R039,New Report on Economic Growth,REAL,"region,hair,finally,explain,end,quite,third.,wall,hotel,condition,law,task,career.,experts,discuss,ongoing,developments,economic,growth."
F061,Miracle Drug Confirmed by Sources,FAKE,"save,share,mouth,service,forget,old.,goal,six,deal,third.,—,shocking,claims,miracle,drug,surface,internet."
R057,New Report on Technology Breakthrough,REAL,"usually,right,fill,police.,shake,eat,black,care.,experts,discuss,ongoing,developments,technology,breakthrough."
F154,Immortal Jellyfish Confirmed by Sources,FAKE,"hit,long,two,clearly,common.,hear,home,hair,name,reveal,course,already,movie.,—,shocking,claims,immortal,jellyfish,surface,internet."
F052,Mind Control Confirmed by Sources,FAKE,"model,pattern,real,many,town,say.,police,anything,magazine,child,sea,write.,read,yet,young,image.,—,shocking,claims,mind,control,surface,internet."
F124,Flat Earth Confirmed by Sources,FAKE,"whose,behind,reflect,house,each.,south,wait,choose,whose,nothing,air.,—,shocking,claims,flat,earth,surface,internet."
R071,New Report on Budget Report,REAL,"likely,factor,center,fact,forward,home.,effort,decision,director,member.,activity,tax,magazine,one,meet,attack.,experts,discuss,ongoing,developments,budget,report."
R152,New Report on Budget Report,REAL,"several,space,test,describe.,beyond,stock,wish,organization,south,degree.,experts,discuss,ongoing,developments,budget,report."
F038,Mind Control Confirmed by Sources,FAKE,"science,indeed,rich,area,manage,machine,understand.,must,start,movement,those.,—,shocking,claims,mind,control,surface,internet."
F101,Immortal Jellyfish Confirmed by Sources,FAKE,"different,west,specific,shake.,production,leg,mean.,ok,realize,issue,computer.,—,shocking,claims,immortal,jellyfish,surface,internet."
F203,Celebrity Scandal Confirmed by Sources,FAKE,"reveal,small,hospital,term,media,door,stay,live.,main,suggest,behavior.,benefit,vote,design,list,prove.,—,shocking,claims,celebrity,scandal,surface,internet."
F192,Government Cover-Up Confirmed by Sources,FAKE,"go,kitchen,prepare,project,oil,interview,simply.,fire,record,guy,tree,onto.,—,shocking,claims,government,cover-up,surface,internet."
R189,New Report on Climate Change,REAL,"attack,style,spring.,tend,apply,method,east,push,cause.,use,director,property,include.,experts,discuss,ongoing,developments,climate,change."
R098,New Report on Election,REAL,"election,easy,program.,fund,accept,travel.,especially,back,century,course,activity,day.,pressure,glass,compare,investment.,experts,discuss,ongoing,developments,election."
R149,New Report on Economic Growth,REAL,"land,medical,should.,fill,agent,simply,light,feel.,experts,discuss,ongoing,developments,economic,growth."
R046,New Report on Education,REAL,"decide,evening,dark.,truth,know,perform,social,value.,coach,bad,player,food,pattern,result,state.,experts,discuss,ongoing,developments,education."
F055,Hoax Confirmed by Sources,FAKE,"anyone,true,newspaper,ok,begin,participant.,day,draw,administration.,director,edge,usually,south.,—,shocking,claims,hoax,surface,internet."
F159,Flat Earth Confirmed by Sources,FAKE,"join,wife,discover,draw,again.,bag,arm,maybe,method,sea.,wish,offer,occur,first,three,in.,—,shocking,claims,flat,earth,surface,internet."
F083,Secret Cure Confirmed by Sources,FAKE,"north,certain,stuff,outside,sea.,next,hair,series,dream,trouble,current.,—,shocking,claims,secret,cure,surface,internet."
R109,New Report on Education,REAL,"cell,walk,large,person.,sometimes,style,somebody,spring,kid,born,like,trial.,experts,discuss,ongoing,developments,education."
R102,New Report on Climate Change,REAL,"cover,plant,prevent,hold,focus.,effect,weight,product,chance,well,new,value,game.,building,yet,church,space,push.,experts,discuss,ongoing,developments,climate,change."
R060,New Report on Election,REAL,"reduce,option,authority,participant,face.,ball,national,according,listen,produce,camera,happy.,key,seem,cultural,happy,local.,experts,discuss,ongoing,developments,election."
F085,Secret Cure Confirmed by Sources,FAKE,"room,board,crime.,group,half,talk,first,news,memory,guy.,—,shocking,claims,secret,cure,surface,internet."
F188,Hoax Confirmed by Sources,FAKE,"reveal,bring,suggest,keep,mention.,scientist,health,degree,concern,free,indeed.,example,actually,record,affect,even.,—,shocking,claims,hoax,surface,internet."
F131,Hoax Confirmed by Sources,FAKE,"state,us,week,yeah,young,score,us.,thought,draw,thought,development.,star,technology,since,sit,allow.,—,shocking,claims,hoax,surface,internet."
R202,New Report on Public Health,REAL,"executive,without,during.,guess,population,collection,one.,government,method,already,lead,apply,radio.,material,rise,bar,room,project.,experts,discuss,ongoing,developments,public,health."
F111,Celebrity Scandal Confirmed by Sources,FAKE,"gas,begin,perform,film.,behavior,also,rate,act,bar.,move,current,road,later,party,then.,majority,area,try,describe,detail,news.,—,shocking,claims,celebrity,scandal,surface,internet."
R151,New Report on Policy,REAL,"care,final.,affect,get,picture,all.,become,discover,ready,professor,work.,experts,discuss,ongoing,developments,policy."
F058,Government Cover-Up Confirmed by Sources,FAKE,"offer,network,painting,onto,party,piece,fact.,every,property,guy,type,generation,personal.,message,chance,wish,dog,turn.,—,shocking,claims,government,cover-up,surface,internet."
R164,New Report on Education,REAL,"police,assume.,contain,generation,interest,yes,democratic.,experts,discuss,ongoing,developments,education."
F242,Celebrity Scandal Confirmed by Sources,FAKE,"audience,choice,nation,certainly,church.,—,shocking,claims,celebrity,scandal,surface,internet."
F064,Mind Control Confirmed by Sources,FAKE,"begin,major,somebody,news,former.,often,firm,cut,store,worker,common,piece.,—,shocking,claims,mind,control,surface,internet."
R228,New Report on Education,REAL,"already,heart,station,fish,score,hard.,line,foot,music,improve.,everybody,interesting,computer.,experts,discuss,ongoing,developments,education."
R210,New Report on Economic Growth,REAL,"sort,blue,begin,leave.,believe,word,perform,rock,forward,may,give.,hotel,similar,fish,much,policy,teacher,see.,experts,discuss,ongoing,developments,economic,growth."
R156,New Report on Policy,REAL,"reach,politics,allow,simply,far,city,available.,almost,suffer,drive,strong.,experts,discuss,ongoing,developments,policy."
R192,New Report on Climate Change,REAL,"chair,project,gas,stock,student.,work,bed,race,fact.,experts,discuss,ongoing,developments,climate,change."
F102,Government Cover-Up Confirmed by Sources,FAKE,"relationship,hotel,soon,provide,interest.,fill,born,detail,travel,start,season.,—,shocking,claims,government,cover-up,surface,internet."
R237,New Report on Election,REAL,"view,notice,buy,alone.,guy,second,ball,team,part.,experts,discuss,ongoing,developments,election."
F015,Immortal Jellyfish Confirmed by Sources,FAKE,"assume,new,share,really,environmental,herself.,value,political,among,us,catch.,mission,bar,woman,collection,affect,move.,—,shocking,claims,immortal,jellyfish,surface,internet."
F020,Celebrity Scandal Confirmed by Sources,FAKE,"relationship,wear,join,represent,marriage.,manager,sport,current,cut.,door,space,heavy,home,attorney.,—,shocking,claims,celebrity,scandal,surface,internet."
R083,New Report on Election,REAL,"challenge,police,building,board,citizen.,seat,shake.,experts,discuss,ongoing,developments,election."
F035,Hoax Confirmed by Sources,FAKE,"reach,discuss,serious,learn,raise,age,record.,break,bad,yeah.,third,school,hold,station.,write,figure,doctor.,—,shocking,claims,hoax,surface,internet."
R082,New Report on Budget Report,REAL,"pattern,sing,capital,wear,court,positive.,reflect,trial,need,price.,experts,discuss,ongoing,developments,budget,report."
F114,Mind Control Confirmed by Sources,FAKE,"feeling,low,voice.,—,shocking,claims,mind,control,surface,internet."
F179,Secret Cure Confirmed by Sources,FAKE,"personal,first,contain,positive,general,threat.,shoulder,store,language.,—,shocking,claims,secret,cure,surface,internet."
F026,Celebrity Scandal Confirmed by Sources,FAKE,"reveal,mother,end,pretty,learn,girl.,—,shocking,claims,celebrity,scandal,surface,internet."
R217,New Report on Election,REAL,"relationship,election,hard,technology.,necessary,interesting,base,education,majority,glass.,experts,discuss,ongoing,developments,election."
F009,Celebrity Scandal Confirmed by Sources,FAKE,"occur,answer,quality,world.,evening,popular,within,table,bank.,—,shocking,claims,celebrity,scandal,surface,internet."
F240,Aliens Confirmed by Sources,FAKE,"laugh,activity,toward,must,current,positive.,score,sell,science,senior.,—,shocking,claims,aliens,surface,internet."
R216,New Report on Research,REAL,"along,religious,way,recognize,radio.,individual,personal,purpose,single,provide,candidate,trouble,mention.,experts,discuss,ongoing,developments,research."
F129,Flat Earth Confirmed by Sources,FAKE,"big,door,thing,chance.,notice,tax,accept,room.,staff,exist.,—,shocking,claims,flat,earth,surface,internet."
R197,New Report on Education,REAL,"inside,region,site,nice.,car,future,voice,score,politics.,experts,discuss,ongoing,developments,education."
F142,Government Cover-Up Confirmed by Sources,FAKE,"environmental,tend,bed,base,road,feel,child.,eye,center,effort,year,daughter.,see,wind,sometimes,continue,player,article.,—,shocking,claims,government,cover-up,surface,internet."
R140,New Report on Climate Change,REAL,"whatever,end,ago,risk,i.,time,care,section,camera,wish,catch.,across,nature,government,sort,everyone.,hundred,room,reflect,school,station,us.,experts,discuss,ongoing,developments,climate,change."
R165,New Report on Budget Report,REAL,"beat,today,forward,year,maintain.,growth,garden,sense,consumer,old,we.,authority,structure,board,right,property,provide,government,officer.,never,yes.,experts,discuss,ongoing,developments,budget,report."
R139,New Report on Education,REAL,"treat,doctor,guess,order,many,main.,experts,discuss,ongoing,developments,education."
F232,Hoax Confirmed by Sources,FAKE,"hundred,sound,responsibility,far,know,some.,attention,close,camera,newspaper,kitchen,person.,something,real,environment,fear.,—,shocking,claims,hoax,surface,internet."
F108,Celebrity Scandal Confirmed by Sources,FAKE,"energy,sit,piece,detail.,—,shocking,claims,celebrity,scandal,surface,internet."
F167,Celebrity Scandal Confirmed by Sources,FAKE,"general,visit,poor,very.,win,process,similar,man,just.,protect,three,energy,grow.,enter,recognize,event,price,crime,offer,field.,—,shocking,claims,celebrity,scandal,surface,internet."
R242,New Report on Research,REAL,"partner,common,edge,leg,include.,admit,pressure,lose,all.,fire,claim,wish,officer,author,lay.,experts,discuss,ongoing,developments,research."
F133,Immortal Jellyfish Confirmed by Sources,FAKE,"recently,play,fall,behavior,bed,kid.,drive,defense,walk,wrong,specific,trip.,hotel,might,morning,wish.,—,shocking,claims,immortal,jellyfish,surface,internet."
F025,Flat Earth Confirmed by Sources,FAKE,"carry,price,for.,close,set,new,office,shoulder,lead,full.,budget,receive,keep,poor,action,structure.,—,shocking,claims,flat,earth,surface,internet."
F093,Immortal Jellyfish Confirmed by Sources,FAKE,"really,each.,fire,structure,nice,day.,—,shocking,claims,immortal,jellyfish,surface,internet."
F236,Government Cover-Up Confirmed by Sources,FAKE,"opportunity,detail,try,fall.,—,shocking,claims,government,cover-up,surface,internet."
F069,Flat Earth Confirmed by Sources,FAKE,"party,well,threat,scientist,perform.,attack,make,main.,work,reality,feel,special.,—,shocking,claims,flat,earth,surface,internet."
F219,Flat Earth Confirmed by Sources,FAKE,"suddenly,charge,within,detail,speak.,treatment,music,defense,series,difference,lawyer,throw.,—,shocking,claims,flat,earth,surface,internet."
R079,New Report on Election,REAL,"thus,modern,garden,piece.,many,area,long,debate.,experts,discuss,ongoing,developments,election."
F042,Hoax Confirmed by Sources,FAKE,"human,dinner.,play,rule,hour,society,thank,direction.,something,bed,magazine.,—,shocking,claims,hoax,surface,internet."
R154,New Report on Budget Report,REAL,"economic,talk,president,visit,our.,sport,gun,return,performance,serve,involve.,experts,discuss,ongoing,developments,budget,report."
R089,New Report on Public Health,REAL,"technology,anyone,suggest,night,usually,southern,available,improve.,low,especially,section.,experts,discuss,ongoing,developments,public,health."
R038,New Report on Public Health,REAL,"increase,enjoy,fill.,leader,central,standard,bit,poor,quality.,experts,discuss,ongoing,developments,public,health."
R053,New Report on Economic Growth,REAL,"national,really,key.,strategy,teacher,look.,list,window,response,experience,country.,experts,discuss,ongoing,developments,economic,growth."
F201,Hoax Confirmed by Sources,FAKE,"choose,power,pressure,book,else,season.,—,shocking,claims,hoax,surface,internet."
F013,Secret Cure Confirmed by Sources,FAKE,"happen,team,side,young,beautiful,step.,movie,court,bag.,speak,raise,bank.,good,bed,tree,whom.,—,shocking,claims,secret,cure,surface,internet."
R023,New Report on Policy,REAL,"every,must,free,result.,moment,firm,whose,firm,want,rate,black.,experts,discuss,ongoing,developments,policy."
R068,New Report on Technology Breakthrough,REAL,"us,become,land,road,represent,nature,rock.,grow,drop,play,office,long.,energy,concern,recent,condition,good.,experts,discuss,ongoing,developments,technology,breakthrough."
F065,Hoax Confirmed by Sources,FAKE,"different,window,hit,million,place,themselves.,base,trial,know,far,authority,green,cause.,—,shocking,claims,hoax,surface,internet."
F239,Celebrity Scandal Confirmed by Sources,FAKE,"clear,yes,drive,red.,right,federal,surface,go.,bed,health,discuss,partner,seven.,—,shocking,claims,celebrity,scandal,surface,internet."
F084,Miracle Drug Confirmed by Sources,FAKE,"generation,natural,rest,sister,free,audience.,probably,trial,rate,peace.,—,shocking,claims,miracle,drug,surface,internet."
R120,New Report on Election,REAL,"performance,worry,purpose,professor,example,expect,may.,result,tough,piece,class,full,allow.,experts,discuss,ongoing,developments,election."
F207,Government Cover-Up Confirmed by Sources,FAKE,"though,yeah,radio.,house,city,base,somebody,church,family.,—,shocking,claims,government,cover-up,surface,internet."
R158,New Report on Economic Growth,REAL,"player,serve,factor,within,thousand.,road,interesting,food,pretty.,finish,one,realize,game,number,former.,experts,discuss,ongoing,developments,economic,growth."
R097,New Report on Technology Breakthrough,REAL,"answer,tree,set,them.,agent,environment,customer,company,rich.,experts,discuss,ongoing,developments,technology,breakthrough."
R092,New Report on Technology Breakthrough,REAL,"network,vote,stock,blue,way,help.,experts,discuss,ongoing,developments,technology,breakthrough."
F172,Hoax Confirmed by Sources,FAKE,"art,sister,pass,event,reflect,perhaps,might,five.,house,represent,visit,represent,attack,vote.,—,shocking,claims,hoax,surface,internet."
R182,New Report on Economic Growth,REAL,"available,idea.,method,join,continue,reason,research.,effect,give,end,tough.,experts,discuss,ongoing,developments,economic,growth."
F014,Secret Cure Confirmed by Sources,FAKE,"every,always,per.,newspaper,father,position,stop,together,ball.,—,shocking,claims,secret,cure,surface,internet."
R230,New Report on Election,REAL,"group,imagine,fish,cultural.,reflect,writer,decade,case,pick,read.,experts,discuss,ongoing,developments,election."
F223,Government Cover-Up Confirmed by Sources,FAKE,"training,goal,learn,kitchen,environment.,factor,real,use,option,role.,college,push,dark,thousand.,—,shocking,claims,government,cover-up,surface,internet."
R221,New Report on Policy,REAL,"type,prevent,prepare,join.,war,rate,top,economic,reduce.,experts,discuss,ongoing,developments,policy."
R173,New Report on Climate Change,REAL,"morning,tree,get,ten,edge,administration,indeed.,seven,police,ball,red,with.,manage,manage,hear,water,try.,experts,discuss,ongoing,developments,climate,change."
F249,Immortal Jellyfish Confirmed by Sources,FAKE,"least,process,kitchen,value.,generation,front,moment,artist,response,western,up.,—,shocking,claims,immortal,jellyfish,surface,internet."
F112,Government Cover-Up Confirmed by Sources,FAKE,"give,group,theory,chance.,culture,compare,behavior.,—,shocking,claims,government,cover-up,surface,internet."
R058,New Report on Budget Report,REAL,"skin,situation,care,shoulder.,pass,might,station,human,agent,manager,fine,become.,experts,discuss,ongoing,developments,budget,report."
R159,New Report on Economic Growth,REAL,"later,watch,player.,experts,discuss,ongoing,developments,economic,growth."
R029,New Report on Economic Growth,REAL,"later,interview,city,edge,must,possible.,kid,wait,forward,treat,method,save.,experts,discuss,ongoing,developments,economic,growth."
R126,New Report on Research,REAL,"smile,quite,talk,pay,person,small,think.,ten,second,operation,partner.,service,usually,listen,factor,front,myself.,experts,discuss,ongoing,developments,research."
R132,New Report on Education,REAL,"avoid,reason,specific,pm,teach,picture,hold.,address,machine,research.,experts,discuss,ongoing,developments,education."
R025,New Report on Election,REAL,"try,easy,measure,similar,however.,play,officer,together,newspaper,respond,wear.,experts,discuss,ongoing,developments,election."
F214,Secret Cure Confirmed by Sources,FAKE,"offer,leader,table,like,lead,discuss,fact.,friend,rule,final,shoulder.,—,shocking,claims,secret,cure,surface,internet."
R177,New Report on Policy,REAL,"seven,finally,focus,beyond.,style,ground,realize,manager,huge,couple,improve.,arm,member,scientist,upon,yes,determine.,quickly,act,build,century,decide,own.,experts,discuss,ongoing,developments,policy."
R196,New Report on Budget Report,REAL,"region,perhaps,future,good,glass.,report,safe.,unit,social,cultural,capital,administration,however.,experts,discuss,ongoing,developments,budget,report."
R135,New Report on Budget Report,REAL,"compare,safe,market,reflect,require,far,we.,relate,idea,federal,north,although,fish,movement,forget.,experts,discuss,ongoing,developments,budget,report."
F152,Government Cover-Up Confirmed by Sources,FAKE,"back,blue,player,long,image.,despite,notice,significant,house.,rise,hard,hotel,allow.,—,shocking,claims,government,cover-up,surface,internet."
F180,Secret Cure Confirmed by Sources,FAKE,"true,money.,culture,effect,attorney,kind,operation,think.,—,shocking,claims,secret,cure,surface,internet."
F003,Secret Cure Confirmed by Sources,FAKE,"program,approach,billion,really.,put,hand,room,across,effect,expect.,particularly,quite,yes,national,wait,value,company.,—,shocking,claims,secret,cure,surface,internet."
F244,Celebrity Scandal Confirmed by Sources,FAKE,"agent,friend,discuss.,politics,despite,top.,often,learn,note,audience,culture,model.,—,shocking,claims,celebrity,scandal,surface,internet."
F194,Immortal Jellyfish Confirmed by Sources,FAKE,"popular,already,glass,amount,see,mean.,five,thousand,boy,anyone,republican,ground,customer.,—,shocking,claims,immortal,jellyfish,surface,internet."
R044,New Report on Policy,REAL,"run,hand,say,least,protect,check.,civil,yes,result.,experts,discuss,ongoing,developments,policy."
R141,New Report on Economic Growth,REAL,"important,despite,range,name,card,night,until.,operation,force,view,focus,open.,experts,discuss,ongoing,developments,economic,growth."
R188,New Report on Climate Change,REAL,"mean,year,fact,visit.,bed,choose,within,pressure,likely,this.,floor,defense,special,possible,question,better.,experts,discuss,ongoing,developments,climate,change."
F010,Aliens Confirmed by Sources,FAKE,"discuss,consider,happy,personal,generation,recently.,mouth,born,issue,news,culture.,list,raise,pass,realize,democratic.,—,shocking,claims,aliens,surface,internet."
R106,New Report on Economic Growth,REAL,"us,great,war,study.,fight,project,character,order,whether,reveal.,analysis,lay.,experts,discuss,ongoing,developments,economic,growth."
R049,New Report on Research,REAL,"development,six,size,significant,car,turn,today.,true,network,probably,citizen,explain,million.,figure,pull,learn.,experts,discuss,ongoing,developments,research."
R144,New Report on Budget Report,REAL,"character,development,despite,agent,seek,stand.,say,blue,inside.,expert,dinner,color,effort.,well,month,reach,one.,experts,discuss,ongoing,developments,budget,report."
F199,Celebrity Scandal Confirmed by Sources,FAKE,"network,political,father,eat.,drive,cold,summer,oil,whether,red.,—,shocking,claims,celebrity,scandal,surface,internet."
F215,Secret Cure Confirmed by Sources,FAKE,"record,man,technology,summer,per.,human,participant,consumer,career,natural,including,garden.,teacher,beyond,vote,senior,hair,meeting.,—,shocking,claims,secret,cure,surface,internet."
R176,New Report on Economic Growth,REAL,"sing,conference,seem,economic,fight,various.,compare,news,key,wonder,protect,actually,food.,protect,view,sit,exist,international,position,pressure,stay.,sign,deep,chance,ball,stay,current.,experts,discuss,ongoing,developments,economic,growth."
F105,Hoax Confirmed by Sources,FAKE,"point,collection,leader,matter,right,mother,certain.,foot,factor,one,decide.,reduce,buy,everything,town,popular,government,series.,—,shocking,claims,hoax,surface,internet."
F031,Miracle Drug Confirmed by Sources,FAKE,"play,perhaps,soon,page.,set,everyone,school,support,provide,adult,anyone.,edge,similar,toward,nation,continue,material,enough,prevent.,—,shocking,claims,miracle,drug,surface,internet."
R206,New Report on Research,REAL,"still,partner,consider,market.,lot,process,international.,experts,discuss,ongoing,developments,research."
F238,Secret Cure Confirmed by Sources,FAKE,"change,military,nice,traditional,step.,market,design,contain,business,talk,wonder.,free,beyond,bring,somebody,newspaper,top.,—,shocking,claims,secret,cure,surface,internet."
R027,New Report on Climate Change,REAL,"able,challenge,physical,purpose.,get,adult,manager,game,report,fine,tough.,experts,discuss,ongoing,developments,climate,change."
F169,Government Cover-Up Confirmed by Sources,FAKE,"add,medical,simply.,religious,future,decide,stock,method,page,general,type.,—,shocking,claims,government,cover-up,surface,internet."
F208,Aliens Confirmed by Sources,FAKE,"main,population,raise.,tax,apply,lose.,call,member,least,seven,entire,similar,detail.,—,shocking,claims,aliens,surface,internet."
F212,Miracle Drug Confirmed by Sources,FAKE,"enough,capital,age.,different,couple,hope,visit,consider.,—,shocking,claims,miracle,drug,surface,internet."
F032,Hoax Confirmed by Sources,FAKE,"goal,individual,yard,performance,debate.,forward,grow,need.,—,shocking,claims,hoax,surface,internet."
F109,Hoax Confirmed by Sources,FAKE,"establish,voice,center,although,pull,fund,identify.,image,suddenly,vote.,affect,recognize.,—,shocking,claims,hoax,surface,internet."
R111,New Report on Policy,REAL,"chair,name,former,win,work,notice.,past,half,one,determine.,experts,discuss,ongoing,developments,policy."
F078,Aliens Confirmed by Sources,FAKE,"answer,entire,imagine,growth,pay,hair,structure.,stop,mean,west,player,special.,kitchen,front,happen.,—,shocking,claims,aliens,surface,internet."
R105,New Report on Budget Report,REAL,"stop,no.,recognize,price,fact.,experts,discuss,ongoing,developments,budget,report."
F196,Government Cover-Up Confirmed by Sources,FAKE,"six,either,specific,opportunity.,memory,prepare,live,career,structure,law.,—,shocking,claims,government,cover-up,surface,internet."
F118,Immortal Jellyfish Confirmed by Sources,FAKE,"tend,join,entire.,fill,food,girl,bag.,—,shocking,claims,immortal,jellyfish,surface,internet."
F077,Secret Cure Confirmed by Sources,FAKE,"everyone,family,add,actually.,administration,significant,serious,environment,hard,loss.,man,democratic.,—,shocking,claims,secret,cure,surface,internet."
F070,Government Cover-Up Confirmed by Sources,FAKE,"explain,sit,political,management,land,note,investment,business.,amount,according,consumer,anything.,—,shocking,claims,government,cover-up,surface,internet."
F041,Immortal Jellyfish Confirmed by Sources,FAKE,"truth,exactly,term,lay,history,meeting.,—,shocking,claims,immortal,jellyfish,surface,internet."
R026,New Report on Policy,REAL,"behavior,audience,catch,guy,certainly,factor.,material,career,value,someone,pass,figure.,anything,western,star.,hotel,soldier,friend,book.,experts,discuss,ongoing,developments,policy."
R207,New Report on Policy,REAL,"recent,various,project,among,think,agreement.,away,check,subject,attention,pick,best.,science,maintain,standard,institution.,experts,discuss,ongoing,developments,policy."
F163,Secret Cure Confirmed by Sources,FAKE,"open,policy,dream,important.,explain,citizen,people,type,we.,media,full,film,wonder.,—,shocking,claims,secret,cure,surface,internet."
F171,Government Cover-Up Confirmed by Sources,FAKE,"manager,size,involve,send.,second,marriage,family,young,manager.,—,shocking,claims,government,cover-up,surface,internet."
F139,Immortal Jellyfish Confirmed by Sources,FAKE,"pressure,involve,article,day.,well,oil,situation,leave.,total,movie,whether,election.,—,shocking,claims,immortal,jellyfish,surface,internet."
F120,Miracle Drug Confirmed by Sources,FAKE,"culture,teach,program,democrat,watch,discuss.,person,reflect,determine.,—,shocking,claims,miracle,drug,surface,internet."
F146,Mind Control Confirmed by Sources,FAKE,"create,short,anything,director,method,clearly.,trouble,husband,someone,mouth,sit,front.,—,shocking,claims,mind,control,surface,internet."
R115,New Report on Research,REAL,"old,high,front,already.,within,total,part,listen,candidate,population.,experts,discuss,ongoing,developments,research."
F039,Aliens Confirmed by Sources,FAKE,"certainly,go,land,order,pattern,support,least.,idea,practice,road,day,very.,significant,arrive,authority,memory.,—,shocking,claims,aliens,surface,internet."
F225,Hoax Confirmed by Sources,FAKE,"president,blood,door,at.,summer,listen,trip,say.,—,shocking,claims,hoax,surface,internet."
F140,Aliens Confirmed by Sources,FAKE,"relationship,politics,top,next,however,stock.,nice,drug,imagine,event,think,tough.,—,shocking,claims,aliens,surface,internet."
F122,Mind Control Confirmed by Sources,FAKE,"gas,piece,short.,thousand,trial,special.,—,shocking,claims,mind,control,surface,internet."
R070,New Report on Budget Report,REAL,"establish,activity,institution,bed,series,continue,meeting.,prepare,environmental,human,far,poor,forward,often.,experts,discuss,ongoing,developments,budget,report."
F248,Celebrity Scandal Confirmed by Sources,FAKE,"involve,final,tree,exist,institution,conference.,—,shocking,claims,celebrity,scandal,surface,internet."
R016,New Report on Technology Breakthrough,REAL,"organization,parent,firm,son,within.,free,growth,chance,someone.,experts,discuss,ongoing,developments,technology,breakthrough."
R148,New Report on Technology Breakthrough,REAL,"something,relationship,middle,sport,customer.,yes,hold,pay,yet.,experts,discuss,ongoing,developments,technology,breakthrough."
R142,New Report on Budget Report,REAL,"imagine,image,always,star,phone,past,keep.,experts,discuss,ongoing,developments,budget,report."
F141,Miracle Drug Confirmed by Sources,FAKE,"choose,list,investment,federal,anything,score,near,ground.,agency,president,sell,somebody,loss.,health,walk,very.,—,shocking,claims,miracle,drug,surface,internet."
R076,New Report on Technology Breakthrough,REAL,"hospital,artist,score,public,responsibility.,north,difference,onto.,experts,discuss,ongoing,developments,technology,breakthrough."
R180,New Report on Budget Report,REAL,"tell,body,peace,sing,company,hair.,class,ask,land,various,edge,opportunity.,experts,discuss,ongoing,developments,budget,report."
F126,Aliens Confirmed by Sources,FAKE,"mean,compare,court.,save,order,set,mr.,—,shocking,claims,aliens,surface,internet."
R134,New Report on Economic Growth,REAL,"skill,never,girl,present.,author,care,agent,night,perform.,power,police.,experts,discuss,ongoing,developments,economic,growth."
F132,Mind Control Confirmed by Sources,FAKE,"special,sister,move,perhaps.,—,shocking,claims,mind,control,surface,internet."
F230,Immortal Jellyfish Confirmed by Sources,FAKE,"future,whether,especially,recent.,particularly,writer,tv,rate,condition,great.,—,shocking,claims,immortal,jellyfish,surface,internet."
F243,Aliens Confirmed by Sources,FAKE,"east,suggest,drop,land,certainly,later.,main,mind,computer,lawyer,project,up.,—,shocking,claims,aliens,surface,internet."
R191,New Report on Budget Report,REAL,"often,right,necessary,difference,score,administration.,stay,wife,agree,us,involve,establish,black.,travel,air,congress.,experts,discuss,ongoing,developments,budget,report."
R130,New Report on Public Health,REAL,"social,something,stage.,former,state,ten,time,evening.,show,word,draw.,experts,discuss,ongoing,developments,public,health."
F081,Mind Control Confirmed by Sources,FAKE,"red,determine,director.,church,tend,force,tax.,—,shocking,claims,mind,control,surface,internet."
R209,New Report on Technology Breakthrough,REAL,"remain,bring,man,night,opportunity,morning.,play,deal,total,operation.,high,tree,chair,analysis,break,standard.,experts,discuss,ongoing,developments,technology,breakthrough."
F228,Hoax Confirmed by Sources,FAKE,"large,institution,reduce,seem,position,entire,hair.,back,cup,board.,structure,maintain,eight,day,collection,movement,baby,wish.,—,shocking,claims,hoax,surface,internet."
R030,New Report on Budget Report,REAL,"including,fast,door,return,medical,buy.,experts,discuss,ongoing,developments,budget,report."
R214,New Report on Education,REAL,"defense,today,material,impact.,sometimes,seem,value,able,firm.,thank,human,mother,discussion,perhaps,day.,experts,discuss,ongoing,developments,education."
R175,New Report on Economic Growth,REAL,"seek,appear,spend.,capital,color,scene,service,situation,avoid.,experts,discuss,ongoing,developments,economic,growth."
