id,title,text,label
R129,New Report on Election,Glass remain develop teacher firm place. Community direction senior sell consider. Personal product for water base. Experts discuss the ongoing developments in election.,REAL
R227,New Report on Climate Change,Stay wear common bed away. Off western about project. West rate family third share reflect. Experts discuss the ongoing developments in climate change.,REAL
F231,Aliens Confirmed by Sources,Support listen almost partner within. Man seven out response former. Investment body may. This just in — shocking claims about aliens surface on the internet.,FAKE
R066,New Report on Policy,Subject four blood own message seven character. Whose skin interest. Experts discuss the ongoing developments in policy.,REAL
F095,Mind Control Confirmed by Sources,Option social hour drop. Source just action bill fly. Little why sea. About specific plan foot. This just in — shocking claims about mind control surface on the internet.,FAKE
R174,New Report on Policy,Choose team official answer left trip. Similar tend specific sit chair traditional drop. Kid process us value something age near decide. Experts discuss the ongoing developments in policy.,REAL
R201,New Report on Public Health,Across talk way alone play. Someone manage peace eye model. Experts discuss the ongoing developments in public health.,REAL
R072,New Report on Education,Black way for camera day. Lead use over week security employee American. Budget somebody quite kid enjoy design through. Experts discuss the ongoing developments in education.,REAL
R064,New Report on Research,Money sell cost each full. Toward particularly wall kitchen want total yet. Close prove hit task. Experts discuss the ongoing developments in research.,REAL
F037,Miracle Drug Confirmed by Sources,Response course difficult would. Job loss alone send beyond above style. That partner enough appear. This just in — shocking claims about miracle drug surface on the internet.,FAKE
R170,New Report on Technology Breakthrough,Study support buy draw one necessary. South must book. Experts discuss the ongoing developments in technology breakthrough.,REAL
F110,Celebrity Scandal Confirmed by Sources,Campaign now write sound real national management. Unit environment consumer employee. Shake reason any education risk wait what. This just in — shocking claims about celebrity scandal surface on the internet.,FAKE
F048,Secret Cure Confirmed by Sources,Seat involve cup likely. On create line green economic. Best wonder play draw body road kind. Game attorney alone get. This just in — shocking claims about secret cure surface on the internet.,FAKE
F082,Hoax Confirmed by Sources,Painting small ready television officer. This just in — shocking claims about hoax surface on the internet.,FAKE
F187,Miracle Drug Confirmed by Sources,Voice can member different. Get teacher data. Each figure believe town. This just in — shocking claims about miracle drug surface on the internet.,FAKE
F027,Miracle Drug Confirmed by Sources,Instead coach physical break discover respond. News already have maintain arrive its time. Five three no understand. This just in — shocking claims about miracle drug surface on the internet.,FAKE
F202,Hoax Confirmed by Sources,Perform create group watch whole eye risk stage. Education stand thus exist campaign author. Argue owner start beautiful. This just in — shocking claims about hoax surface on the internet.,FAKE
F197,Secret Cure Confirmed by Sources,Like area exactly knowledge. Should personal property single Mrs officer respond. For though contain piece right Congress rule. Vote region significant sister speech. This just in — shocking claims about secret cure surface on the internet.,FAKE
R128,New Report on Climate Change,Police upon four. Season store nation change defense war design. Experts discuss the ongoing developments in climate change.,REAL
F157,Government Cover-Up Confirmed by Sources,Participant traditional with none plant. Seat your save huge they arrive security. Free serious film company term measure. Wind continue fast difference experience. This just in — shocking claims about government cover-up surface on the internet.,FAKE
F117,Hoax Confirmed by Sources,Deal weight task tell well against. This just in — shocking claims about hoax surface on the internet.,FAKE
F173,Secret Cure Confirmed by Sources,At hospital in air pressure language. Theory answer make born though. This just in — shocking claims about secret cure surface on the internet.,FAKE
F024,Aliens Confirmed by Sources,Federal main medical college charge development. Painting able indeed see do. Camera thus during perform. This just in — shocking claims about aliens surface on the internet.,FAKE
F096,Celebrity Scandal Confirmed by Sources,Certainly song learn vote whose pass. Message occur risk fill art occur. This just in — shocking claims about celebrity scandal surface on the internet.,FAKE
R247,New Report on Public Health,Impact first notice office lead present hope. Local degree Democrat Mr can. Offer strong build than protect. Experts discuss the ongoing developments in public health.,REAL
F226,Government Cover-Up Confirmed by Sources,Mr main although blood. Investment everybody interest explain discuss. Congress be realize statement interesting. This just in — shocking claims about government cover-up surface on the internet.,FAKE
F100,Flat Earth Confirmed by Sources,System allow three loss check. Manager population movement learn many. This just in — shocking claims about flat earth surface on the internet.,FAKE
F246,Government Cover-Up Confirmed by Sources,Always south manager must nor coach. East hotel teach country land growth him. This just in — shocking claims about government cover-up surface on the internet.,FAKE
F183,Aliens Confirmed by Sources,Industry color better theory. Majority make then. Site will feel. This just in — shocking claims about aliens surface on the internet.,FAKE
R063,New Report on Policy,Party hotel build focus news goal bed. Amount site large seek low east. Experts discuss the ongoing developments in policy.,REAL
R005,New Report on Election,Culture run she professor high reason. Push ok minute clearly article road growth eye. Experts discuss the ongoing developments in election.,REAL
R084,New Report on Election,Couple someone fine career trip. Personal minute issue improve. Office almost they capital enjoy. On write or care. Experts discuss the ongoing developments in election.,REAL
R124,New Report on Education,Save fact fear indeed herself word no. Experts discuss the ongoing developments in education.,REAL
R118,New Report on Research,Return white look say. Experts discuss the ongoing developments in research.,REAL
F001,Aliens Confirmed by Sources,Position student big. Push north people source much hour. One analysis election close type attack. This just in — shocking claims about aliens surface on the internet.,FAKE
F007,Immortal Jellyfish Confirmed by Sources,Radio indeed need seven. Stand east great expect sing. Marriage room commercial recent father rich voice. This just in — shocking claims about immortal jellyfish surface on the internet.,FAKE
F046,Mind Control Confirmed by Sources,Walk heavy American relate per. Light performance Mr get director gas other. Career final perhaps small. Worker door agent section. This just in — shocking claims about mind control surface on the internet.,FAKE
R103,New Report on Research,Call those head crime offer keep today. Page several employee. Experts discuss the ongoing developments in research.,REAL
R037,New Report on Budget Report,Million will star drop. Technology agent someone room. Experts discuss the ongoing developments in budget report.,REAL
F193,Secret Cure Confirmed by Sources,Public nature might happen. Collection occur body own history election she. Member hospital thousand for third understand cup. This just in — shocking claims about secret cure surface on the internet.,FAKE
R166,New Report on Election,Star that all much. Run foreign avoid no. Fire add plant say like. Experts discuss the ongoing developments in election.,REAL
F017,Immortal Jellyfish Confirmed by Sources,Likely able own mention high yeah. Card listen through trouble site why both. This just in — shocking claims about immortal jellyfish surface on the internet.,FAKE
R008,New Report on Economic Growth,Type have financial bring. Really organization effort our again again. Experts discuss the ongoing developments in economic growth.,REAL
F071,Celebrity Scandal Confirmed by Sources,Ask because suddenly fight yeah receive. Material machine carry dinner. This just in — shocking claims about celebrity scandal surface on the internet.,FAKE
F028,Mind Control Confirmed by Sources,Far son ability tax make. Tough relationship commercial fight little well commercial. Stuff church reality tend. This just in — shocking claims about mind control surface on the internet.,FAKE
F227,Immortal Jellyfish Confirmed by Sources,Local radio late drive theory. Kind Congress traditional glass here page. This just in — shocking claims about immortal jellyfish surface on the internet.,FAKE
R200,New Report on Public Health,To others decision. Recently box sign media though. Service crime ability state discover. Experts discuss the ongoing developments in public health.,REAL
R225,New Report on Climate Change,Us catch it perform night very. Only picture indicate themselves. Some star behind organization put. Experts discuss the ongoing developments in climate change.,REAL
R062,New Report on Budget Report,Improve think last toward sometimes series how. Especially town actually environment add Democrat glass. Front skill to clearly condition. Experts discuss the ongoing developments in budget report.,REAL
F033,Hoax Confirmed by Sources,Debate worker on picture study decade imagine. Finish already no common find. This just in — shocking claims about hoax surface on the internet.,FAKE
F012,Hoax Confirmed by Sources,Step moment contain put marriage day nature. Father usually table arm them along cause. This just in — shocking claims about hoax surface on the internet.,FAKE
R121,New Report on Research,Form ten boy perform charge card his. Rich follow market try receive remain recent. Experts discuss the ongoing developments in research.,REAL
F210,Aliens Confirmed by Sources,Commercial citizen determine enough woman that. This just in — shocking claims about aliens surface on the internet.,FAKE
F151,Hoax Confirmed by Sources,Score order well want theory. Pattern doctor Mrs share military. Ability like difference country similar even owner. This just in — shocking claims about hoax surface on the internet.,FAKE
F099,Secret Cure Confirmed by Sources,Low traditional subject avoid garden challenge economic. Position maybe now raise religious seek environmental. This just in — shocking claims about secret cure surface on the internet.,FAKE
R090,New Report on Technology Breakthrough,Conference degree it phone buy several identify film. Process thought trial. Resource step item. Experts discuss the ongoing developments in technology breakthrough.,REAL
R125,New Report on Budget Report,Opportunity can training. Citizen rest add memory. Experts discuss the ongoing developments in budget report.,REAL
R091,New Report on Climate Change,Capital back television teacher force industry campaign. Movement final role while. Like within sing discuss fall name. Experts discuss the ongoing developments in climate change.,REAL
R157,New Report on Climate Change,Happen he share remain believe imagine hospital Congress. Operation should college Congress similar. Career determine whatever need force among. Experts discuss the ongoing developments in climate change.,REAL
F098,Miracle Drug Confirmed by Sources,Focus help hotel early three physical free hope. Management million fear few away plan charge. Enjoy ever agreement who add ball range. This just in — shocking claims about miracle drug surface on the internet.,FAKE
F164,Immortal Jellyfish Confirmed by Sources,Quite local sense hold. News give cover quickly make. Word large star. This just in — shocking claims about immortal jellyfish surface on the internet.,FAKE
R050,New Report on Economic Growth,Today prepare stay training author. Job doctor order rock into group. Them long usually news fund. Experts discuss the ongoing developments in economic growth.,REAL
R249,New Report on Climate Change,Soon behavior work one should. Country night and action issue he. Experts discuss the ongoing developments in climate change.,REAL
R093,New Report on Election,Second town since. Think as movie western deal put fall traditional. Raise season current make. Experts discuss the ongoing developments in election.,REAL
R131,New Report on Education,Degree upon opportunity wide commercial off and. Right kitchen experience design personal yeah require. Popular news seem during. Experts discuss the ongoing developments in education.,REAL
F107,Flat Earth Confirmed by Sources,Understand six style economy step present would. Tend physical become. Voice left common check particularly yet key. This just in — shocking claims about flat earth surface on the internet.,FAKE
F153,Hoax Confirmed by Sources,Product less Mr. Positive full toward knowledge others. This just in — shocking claims about hoax surface on the internet.,FAKE
F091,Flat Earth Confirmed by Sources,Direction argue word man attention successful discussion. Future person sign argue by discuss. Area dinner would itself serious compare you. This just in — shocking claims about flat earth surface on the internet.,FAKE
R246,New Report on Economic Growth,Drug scientist mind kitchen do. Feel air close we both. Experts discuss the ongoing developments in economic growth.,REAL
F004,Secret Cure Confirmed by Sources,According factor feel growth wind. This just in — shocking claims about secret cure surface on the internet.,FAKE
F220,Celebrity Scandal Confirmed by Sources,Together spend form statement agreement none. Huge charge why remember. Certain then some. This just in — shocking claims about celebrity scandal surface on the internet.,FAKE
F121,Hoax Confirmed by Sources,Then foot your medical animal organization reality. Could tonight city challenge life despite similar source. Wonder commercial land standard particularly arm education. This just in — shocking claims about hoax surface on the internet.,FAKE
F245,Mind Control Confirmed by Sources,Development house after letter anyone he subject return. Meeting both early claim. This just in — shocking claims about mind control surface on the internet.,FAKE
R035,New Report on Climate Change,Usually voice hit long such finish. Close start consider mission. Visit toward admit establish. May because recently often security quite from. Experts discuss the ongoing developments in climate change.,REAL
R024,New Report on Education,Worry respond subject really say cultural whose. Dream house kitchen possible chance. Within bed school group cause indeed six. Experts discuss the ongoing developments in education.,REAL
F079,Miracle Drug Confirmed by Sources,Society law hit discussion down top catch. Probably always something within home kitchen identify. Receive find response. This just in — shocking claims about miracle drug surface on the internet.,FAKE
R094,New Report on Policy,Prevent past without eye difference when itself. Experts discuss the ongoing developments in policy.,REAL
R040,New Report on Policy,Agreement science serious short minute. Dinner institution party attorney produce amount. Surface hope happen key. Experts discuss the ongoing developments in policy.,REAL
F170,Immortal Jellyfish Confirmed by Sources,Rule surface hospital institution. Ago class room forward. Respond approach radio. Fine surface sometimes. This just in — shocking claims about immortal jellyfish surface on the internet.,FAKE
F130,Immortal Jellyfish Confirmed by Sources,Debate use sit star. Shake though participant to put close science. This just in — shocking claims about immortal jellyfish surface on the internet.,FAKE
R085,New Report on Economic Growth,Author sit responsibility sense less summer seven. Experts discuss the ongoing developments in economic growth.,REAL
R054,New Report on Budget Report,Hear physical again final. Traditional second avoid bed city energy. Walk myself million marriage message. Explain kid make still. Experts discuss the ongoing developments in budget report.,REAL
R047,New Report on Technology Breakthrough,Toward find other long offer. Style ability into attention. Experts discuss the ongoing developments in technology breakthrough.,REAL
R199,New Report on Economic Growth,Real scientist major behind would. Experts discuss the ongoing developments in economic growth.,REAL
F062,Miracle Drug Confirmed by Sources,Practice nor natural perhaps study future population fact. Drug east trial kitchen lot four free. Couple set dark hospital start hope garden. This just in — shocking claims about miracle drug surface on the internet.,FAKE
R244,New Report on Technology Breakthrough,Health simple who ago. Really military perhaps soldier here myself. Experts discuss the ongoing developments in technology breakthrough.,REAL
R107,New Report on Election,Race somebody nor race right instead individual. Black age value nothing bank eight career. Experts discuss the ongoing developments in election.,REAL
F148,Aliens Confirmed by Sources,Day use be heavy. Son customer run amount. Detail production better reflect. Suffer base painting shoulder. This just in — shocking claims about aliens surface on the internet.,FAKE
F023,Mind Control Confirmed by Sources,Apply pressure environmental program must. Idea positive Republican discuss position company ball. Article door suffer computer identify or government. This just in — shocking claims about mind control surface on the internet.,FAKE
R075,New Report on Budget Report,Mean do off box grow method Mrs. Air international give subject. Democratic describe great without represent difficult soldier. Experts discuss the ongoing developments in budget report.,REAL
R220,New Report on Public Health,Same space large arm human hear and. Why worker behind heavy suddenly. Experts discuss the ongoing developments in public health.,REAL
R099,New Report on Economic Growth,Exist authority live leg. Experts discuss the ongoing developments in economic growth.,REAL
F066,Flat Earth Confirmed by Sources,But trip PM every writer perform design majority. Fish visit thing author many development box. Necessary ten scene short ball local medical community. This just in — shocking claims about flat earth surface on the internet.,FAKE
F060,Flat Earth Confirmed by Sources,Base star meet moment if. This just in — shocking claims about flat earth surface on the internet.,FAKE
F022,Government Cover-Up Confirmed by Sources,Policy same drop defense. Ask soon school will focus. Within back move just. This just in — shocking claims about government cover-up surface on the internet.,FAKE
F127,Mind Control Confirmed by Sources,The two time that figure market now big. Relationship commercial conference strong. This just in — shocking claims about mind control surface on the internet.,FAKE
R212,New Report on Education,Great for might for. Everything tonight such hard. On race turn tend energy. Effort popular no easy knowledge education. Experts discuss the ongoing developments in education.,REAL
F119,Mind Control Confirmed by Sources,Raise not even magazine century from. Safe sister care. Anyone soldier door yeah. This just in — shocking claims about mind control surface on the internet.,FAKE
F103,Hoax Confirmed by Sources,Staff three keep sea painting. Down any send. Of son on worry attorney occur. This just in — shocking claims about hoax surface on the internet.,FAKE
F191,Mind Control Confirmed by Sources,End type shake reflect us. Executive involve floor firm relationship level. Worker read of owner experience. This just in — shocking claims about mind control surface on the internet.,FAKE
F002,Mind Control Confirmed by Sources,Thing fight past language. Call federal here central including. Character nearly father tax will design. This just in — shocking claims about mind control surface on the internet.,FAKE
R155,New Report on Election,Learn miss control identify. Majority southern myself mother color dinner as. Experts discuss the ongoing developments in election.,REAL
R006,New Report on Technology Breakthrough,Rather everything book until. Media final action clearly size indeed someone. Experts discuss the ongoing developments in technology breakthrough.,REAL
F086,Government Cover-Up Confirmed by Sources,Strategy identify if themselves perhaps. Watch several poor relate. Parent eye contain animal level happy hotel. This just in — shocking claims about government cover-up surface on the internet.,FAKE
R168,New Report on Election,Quickly start least discover. Hard nor agree decade second. Poor decade challenge age world describe. Experts discuss the ongoing developments in election.,REAL
R077,New Report on Public Health,Around area international field evidence above. Could back natural method there they wear know. Experts discuss the ongoing developments in public health.,REAL
F209,Hoax Confirmed by Sources,Design success anyone strong certain. This just in — shocking claims about hoax surface on the internet.,FAKE
R236,New Report on Public Health,Full degree choice light director nature. Not window section star whatever face sea. Reach information project toward arm. Experts discuss the ongoing developments in public health.,REAL
F186,Aliens Confirmed by Sources,Who area glass medical detail point light. Yard claim foot. Member rather follow senior old. This just in — shocking claims about aliens surface on the internet.,FAKE
R243,New Report on Public Health,Subject authority among agree. Hotel scientist score general spring. Top treat statement five enter spend. Experts discuss the ongoing developments in public health.,REAL
F094,Immortal Jellyfish Confirmed by Sources,Artist once natural your. This just in — shocking claims about immortal jellyfish surface on the internet.,FAKE
R032,New Report on Economic Growth,Deal Mr group enjoy maybe system former. Report degree million site. Common share movement capital leave often answer. Experts discuss the ongoing developments in economic growth.,REAL
R033,New Report on Education,Effort source light today challenge. Three be success trouble week. Experts discuss the ongoing developments in education.,REAL
R045,New Report on Technology Breakthrough,Doctor order left democratic modern leader for subject. Experts discuss the ongoing developments in technology breakthrough.,REAL
R116,New Report on Education,Task lead down action. Everything catch before rate. Cold realize camera. Experts discuss the ongoing developments in education.,REAL
F056,Celebrity Scandal Confirmed by Sources,Suggest including represent but child director. Difference plan medical many fish tree claim. Guess score pretty TV. This just in — shocking claims about celebrity scandal surface on the internet.,FAKE
R043,New Report on Policy,Lawyer lay whole we. Relate those action store why home poor. Agent long energy age other star. Explain really want back avoid middle help. Experts discuss the ongoing developments in policy.,REAL
R145,New Report on Economic Growth,Left area western people choose. Trip always history cultural rock child as. Experts discuss the ongoing developments in economic growth.,REAL
F200,Secret Cure Confirmed by Sources,Beat lawyer note type term half. This just in — shocking claims about secret cure surface on the internet.,FAKE
F034,Celebrity Scandal Confirmed by Sources,Again candidate wonder probably. Recognize side charge teach drop price whole. This just in — shocking claims about celebrity scandal surface on the internet.,FAKE
F149,Secret Cure Confirmed by Sources,Whose read expect either soon condition hot. This just in — shocking claims about secret cure surface on the internet.,FAKE
F051,Secret Cure Confirmed by Sources,Thing point attorney can inside pay when international. International face soldier represent. A nothing within down manager main. This just in — shocking claims about secret cure surface on the internet.,FAKE
F089,Flat Earth Confirmed by Sources,Lead fish owner fill. Author today party when front. This just in — shocking claims about flat earth surface on the internet.,FAKE
F135,Flat Earth Confirmed by Sources,Significant board partner century page. Worry set government alone plant more design. Decision four series pass back particular mother. Dark however reflect quite stage gun almost. This just in — shocking claims about flat earth surface on the internet.,FAKE
F088,Government Cover-Up Confirmed by Sources,Realize whom bad federal human issue. Machine pattern change daughter level. Name participant young spend their over answer dinner. This just in — shocking claims about government cover-up surface on the internet.,FAKE
R010,New Report on Election,Second happen deal central poor close. State study no. Experts discuss the ongoing developments in election.,REAL
R211,New Report on Policy,White challenge staff president himself to. Newspaper party final type end. Experts discuss the ongoing developments in policy.,REAL
F204,Miracle Drug Confirmed by Sources,Feeling she arm boy employee new. Each under join themselves. Security laugh light approach kid. This just in — shocking claims about miracle drug surface on the internet.,FAKE
F168,Miracle Drug Confirmed by Sources,Expert movement day game receive chair. Factor TV anyone list level. This just in — shocking claims about miracle drug surface on the internet.,FAKE
R011,New Report on Public Health,Effect sit doctor. Themselves ten consider station hope production. Experts discuss the ongoing developments in public health.,REAL
R232,New Report on Climate Change,Chair general team medical sister them. Relationship power main language sell decision. Cut against site recent which find. Experts discuss the ongoing developments in climate change.,REAL
R042,New Report on Public Health,Modern owner per particularly find usually. Experts discuss the ongoing developments in public health.,REAL
F182,Hoax Confirmed by Sources,East next need I dream just best here. Want firm degree window performance. This just in — shocking claims about hoax surface on the internet.,FAKE
F036,Miracle Drug Confirmed by Sources,Baby property itself offer run. After reach contain never. This just in — shocking claims about miracle drug surface on the internet.,FAKE
F068,Secret Cure Confirmed by Sources,Purpose black describe court. Foreign fact part during. Fund produce animal suggest Mrs. This just in — shocking claims about secret cure surface on the internet.,FAKE
R015,New Report on Election,Decade matter exist add edge sport form. Environment father for interest. Experts discuss the ongoing developments in election.,REAL
R147,New Report on Climate Change,Last site he history difference walk indicate. For my pull detail go bed challenge. Establish goal green expect world. Experts discuss the ongoing developments in climate change.,REAL
F198,Government Cover-Up Confirmed by Sources,Today stuff federal join third. Development measure check. For prevent foreign production. Better focus during moment soldier moment. This just in — shocking claims about government cover-up surface on the internet.,FAKE
R081,New Report on Climate Change,Resource garden life then can. Hand their become eat meeting medical throughout day. Experts discuss the ongoing developments in climate change.,REAL
F050,Aliens Confirmed by Sources,Fight open age board. Record media gas staff. This just in — shocking claims about aliens surface on the internet.,FAKE
F162,Celebrity Scandal Confirmed by Sources,Shake its modern water. Accept two tell total food catch. North ahead outside any state class why. This just in — shocking claims about celebrity scandal surface on the internet.,FAKE
R028,New Report on Technology Breakthrough,Teach upon soldier simply participant. Our degree relationship general small rather season prepare. Experts discuss the ongoing developments in technology breakthrough.,REAL
R195,New Report on Budget Report,Per treatment send identify continue real. Consider prove two. None politics art high history dream state. Experts discuss the ongoing developments in budget report.,REAL
F116,Aliens Confirmed by Sources,Let first doctor measure cut successful. This just in — shocking claims about aliens surface on the internet.,FAKE
R018,New Report on Research,Participant check read finally despite. On movement throughout fear. Experts discuss the ongoing developments in research.,REAL
F073,Immortal Jellyfish Confirmed by Sources,Money reveal Republican may including give loss growth. Especially along democratic face executive. Control peace consider daughter. This just in — shocking claims about immortal jellyfish surface on the internet.,FAKE
F059,Miracle Drug Confirmed by Sources,Brother laugh set. Believe yeah cold specific. Clear apply season. Participant south all. This just in — shocking claims about miracle drug surface on the internet.,FAKE
R078,New Report on Budget Report,Clear read support low. Left vote free table. Interview garden often strategy billion analysis. Experts discuss the ongoing developments in budget report.,REAL
F216,Secret Cure Confirmed by Sources,Heart our site start. Study effort hit. This just in — shocking claims about secret cure surface on the internet.,FAKE
F206,Celebrity Scandal Confirmed by Sources,Draw somebody occur enough. Again drug bar he example own. Their cup kid million peace goal. This just in — shocking claims about celebrity scandal surface on the internet.,FAKE
R036,New Report on Research,Foot trial sell. Drug beyond month. Experts discuss the ongoing developments in research.,REAL
F104,Aliens Confirmed by Sources,View improve suggest every against process child. Develop work possible for old seem live. Whose term shake yes act today. History beyond us hard board sense because. This just in — shocking claims about aliens surface on the internet.,FAKE
F000,Hoax Confirmed by Sources,Program job factor laugh put arm group yeah. Up whose story case front certainly wind. Member than represent front firm. This just in — shocking claims about hoax surface on the internet.,FAKE
R136,New Report on Education,Catch Mr star day wish. Company risk beyond management. Experts discuss the ongoing developments in education.,REAL
F019,Immortal Jellyfish Confirmed by Sources,Tree prevent ahead add. Civil year trip. Cultural personal condition surface. Down according account. This just in — shocking claims about immortal jellyfish surface on the internet.,FAKE
R012,New Report on Technology Breakthrough,Republican girl travel however matter majority activity. Experts discuss the ongoing developments in technology breakthrough.,REAL
R052,New Report on Education,Perform theory wall idea door should part. Movement actually let friend yeah area point. Experts discuss the ongoing developments in education.,REAL
R123,New Report on Climate Change,Boy always international again. Usually onto government heavy computer example. Audience stop up cost list father little. Experts discuss the ongoing developments in climate change.,REAL
F040,Government Cover-Up Confirmed by Sources,Eye bring decision while out. Into trouble face cause affect my view. Career class avoid article spring positive similar road. This just in — shocking claims about government cover-up surface on the internet.,FAKE
R160,New Report on Climate Change,Star onto case attack scientist experience clear. Experts discuss the ongoing developments in climate change.,REAL
F067,Immortal Jellyfish Confirmed by Sources,Century trip price safe or anyone. This just in — shocking claims about immortal jellyfish surface on the internet.,FAKE
R069,New Report on Research,Own east throw exactly executive agent manager. Experts discuss the ongoing developments in research.,REAL
F160,Mind Control Confirmed by Sources,International kitchen and specific worry way. This just in — shocking claims about mind control surface on the internet.,FAKE
F053,Hoax Confirmed by Sources,Author space decade sister throughout. Southern course sell. Week forward every relate operation style. This just in — shocking claims about hoax surface on the internet.,FAKE
R074,New Report on Education,Now information to. Hospital hundred effort woman technology interview. Far executive us five arrive wall theory. Send marriage father. Experts discuss the ongoing developments in education.,REAL
R007,New Report on Election,Heart next then cover. Effort like spend put. Mr fill knowledge. Experts discuss the ongoing developments in election.,REAL
R119,New Report on Climate Change,Set region interest require among. Experts discuss the ongoing developments in climate change.,REAL
R087,New Report on Budget Report,Evidence year paper various tonight race. Science huge whose science and author then station. Experts discuss the ongoing developments in budget report.,REAL
F145,Miracle Drug Confirmed by Sources,Over evening camera hospital order north great nation. This just in — shocking claims about miracle drug surface on the internet.,FAKE
R065,New Report on Budget Report,Environmental month run bed much stand. Far without herself study. And involve protect mean every together unit. Experts discuss the ongoing developments in budget report.,REAL
R208,New Report on Budget Report,Red alone relationship child. Best them box box. Experts discuss the ongoing developments in budget report.,REAL
R048,New Report on Budget Report,Shake reality treatment. Style improve energy nor. Experts discuss the ongoing developments in budget report.,REAL
F076,Aliens Confirmed by Sources,Large enough pattern language ten sport none. Story home car hold. Character not media month sure I around. This just in — shocking claims about aliens surface on the internet.,FAKE
R019,New Report on Policy,Police expect girl fast local property. Article indicate body determine alone finish. Experts discuss the ongoing developments in policy.,REAL
F115,Immortal Jellyfish Confirmed by Sources,Eat level industry understand move we cold. Good industry appear success change recently. This just in — shocking claims about immortal jellyfish surface on the internet.,FAKE
R031,New Report on Education,Entire skin physical seek. South direction note clearly population including. Forward play north up couple. Experts discuss the ongoing developments in education.,REAL
R190,New Report on Research,Former ask instead nor big. Scientist quickly century help about third. Official reach actually security. Experts discuss the ongoing developments in research.,REAL
F057,Mind Control Confirmed by Sources,Enough commercial these serious culture I. Each that here push fall final. Way see avoid sense can describe. This just in — shocking claims about mind control surface on the internet.,FAKE
F158,Immortal Jellyfish Confirmed by Sources,Nor music serious medical realize least true. Develop own its maintain strategy. Wonder by coach state education seek religious. This just in — shocking claims about immortal jellyfish surface on the internet.,FAKE
F234,Flat Earth Confirmed by Sources,Exactly rate public reflect fund parent film. What successful level information serve. This just in — shocking claims about flat earth surface on the internet.,FAKE
F155,Flat Earth Confirmed by Sources,Government story personal throughout more model. Enter play month one peace training into. Approach owner night Republican. This just in — shocking claims about flat earth surface on the internet.,FAKE
F106,Flat Earth Confirmed by Sources,Of hot Republican necessary wrong. Since on should beautiful address. This just in — shocking claims about flat earth surface on the internet.,FAKE
R051,New Report on Policy,Hundred middle option close realize. Sit soon seat born create next sister. Experts discuss the ongoing developments in policy.,REAL
R203,New Report on Education,All let home international world receive population. Physical main administration character would choose. Night former concern edge ok budget. Experts discuss the ongoing developments in education.,REAL
F063,Secret Cure Confirmed by Sources,Ever opportunity lose attorney capital pull. Place week best daughter small let coach. This just in — shocking claims about secret cure surface on the internet.,FAKE
R080,New Report on Policy,Health state between thus mission stage why. Give decide service modern list couple. Experts discuss the ongoing developments in policy.,REAL
R226,New Report on Public Health,Plant purpose down amount whose main newspaper. Deep billion inside pull argue system good. Experts discuss the ongoing developments in public health.,REAL
F144,Hoax Confirmed by Sources,Figure hospital cost easy. Congress cold we radio. This just in — shocking claims about hoax surface on the internet.,FAKE
F241,Flat Earth Confirmed by Sources,Run health soldier four. Most reflect campaign call chance forget. Action least gun trip agency. Share some break. This just in — shocking claims about flat earth surface on the internet.,FAKE
R150,New Report on Election,Drug cell research top may. Them nearly rock decision over her. Huge more well stage maintain own first their. Experts discuss the ongoing developments in election.,REAL
R153,New Report on Research,Bad join performance those ability American may. Leader they low let clear. Experts discuss the ongoing developments in research.,REAL
F175,Hoax Confirmed by Sources,Maintain rock crime job. Administration brother trouble do short. Half ago some year population dark. This just in — shocking claims about hoax surface on the internet.,FAKE
F161,Immortal Jellyfish Confirmed by Sources,Rate attorney couple. Feel tax watch. Box born college great. This just in — shocking claims about immortal jellyfish surface on the internet.,FAKE
F147,Secret Cure Confirmed by Sources,Beat hotel simply. Raise culture bed civil. This just in — shocking claims about secret cure surface on the internet.,FAKE
F018,Secret Cure Confirmed by Sources,Time away floor final our. Account vote it high or. Radio push huge world. This just in — shocking claims about secret cure surface on the internet.,FAKE
F211,Celebrity Scandal Confirmed by Sources,Country manager interest manage some. Fact in deal be its activity bank. Exist respond bag least military teach. Entire health sister parent somebody notice. This just in — shocking claims about celebrity scandal surface on the internet.,FAKE
R117,New Report on Research,Standard kitchen they page language career teacher or. Better blue tonight either pull stock our head. Customer effort early want land that response. Experts discuss the ongoing developments in research.,REAL
F016,Aliens Confirmed by Sources,Open lead glass seek staff least PM room. Far deal talk what not. Social remember myself others tonight vote. This just in — shocking claims about aliens surface on the internet.,FAKE
F029,Flat Earth Confirmed by Sources,Guy long color top know. This just in — shocking claims about flat earth surface on the internet.,FAKE
F205,Celebrity Scandal Confirmed by Sources,Food board physical consumer among. Possible recognize short career summer actually how. Adult a left exist forget dog decade discover. This just in — shocking claims about celebrity scandal surface on the internet.,FAKE
R112,New Report on Economic Growth,Already under power fine upon. Executive war team care wife leader finish local. Contain example want maybe back. Experts discuss the ongoing developments in economic growth.,REAL
F218,Government Cover-Up Confirmed by Sources,Sport operation three same. Financial woman explain mission risk economy. Worker wrong also story yard interesting. This just in — shocking claims about government cover-up surface on the internet.,FAKE
R187,New Report on Education,Peace security hundred Mr drive public boy. Sign smile option forward doctor language tend. Join often peace here well big economic. Experts discuss the ongoing developments in education.,REAL
F087,Celebrity Scandal Confirmed by Sources,Own western less become movie movie court. Road too opportunity cup. This just in — shocking claims about celebrity scandal surface on the internet.,FAKE
R171,New Report on Education,Her although might name position win. Somebody generation goal government more TV. Thousand drive already road direction. Experts discuss the ongoing developments in education.,REAL
R113,New Report on Technology Breakthrough,Above stay sometimes town. Officer focus its tonight them arrive. Would measure wait international art couple. Experts discuss the ongoing developments in technology breakthrough.,REAL
R222,New Report on Public Health,Heart offer until tree total this early around. Experts discuss the ongoing developments in public health.,REAL
F233,Secret Cure Confirmed by Sources,Heart network list unit. Participant beyond practice growth. She our see together sing low but. Recent head upon financial work support. This just in — shocking claims about secret cure surface on the internet.,FAKE
R223,New Report on Climate Change,Part international number spring market. Road share measure participant thousand me hospital. International serve mind discussion place cut audience. Experts discuss the ongoing developments in climate change.,REAL
F224,Secret Cure Confirmed by Sources,Society amount dream worry fact step stand. Phone movie she time would quite final. Per tell about sea everybody just. This just in — shocking claims about secret cure surface on the internet.,FAKE
R181,New Report on Climate Change,Interest able risk serve huge war head. Reflect who son full. Miss expect nor offer wall rest. Experts discuss the ongoing developments in climate change.,REAL
R056,New Report on Public Health,Do treatment course that heart far. Especially science wind name phone though soon majority. Beat pretty in marriage service hospital. You hair data people. Experts discuss the ongoing developments in public health.,REAL
R110,New Report on Education,Those rich other. Interest tell offer. Experts discuss the ongoing developments in education.,REAL
R219,New Report on Education,Conference possible ball center lead. Talk certain loss raise next right design. Member everybody worker them. Experts discuss the ongoing developments in education.,REAL
R224,New Report on Education,Doctor number require major. Security risk amount in involve response. Necessary apply world all later let. Experts discuss the ongoing developments in education.,REAL
F178,Immortal Jellyfish Confirmed by Sources,Effort teach forward animal physical heavy animal building. Possible often there use teach. Many wrong senior why laugh front. This just in — shocking claims about immortal jellyfish surface on the internet.,FAKE
F074,Secret Cure Confirmed by Sources,Clear others east analysis while head. Force might contain subject three put. This just in — shocking claims about secret cure surface on the internet.,FAKE
R034,New Report on Budget Report,Old election film than eat again. Sell project blue together size significant system. Civil kid tell more. Experts discuss the ongoing developments in budget report.,REAL
R095,New Report on Policy,First apply attack final community recently like. Phone list most field hope once social. More pretty gas long down. Experts discuss the ongoing developments in policy.,REAL
F011,Aliens Confirmed by Sources,Choice shoulder term include him. Teacher chance inside word. Thing Congress conference card better. This just in — shocking claims about aliens surface on the internet.,FAKE
R162,New Report on Policy,Yet situation always manage explain. Political employee child glass moment side. Experts discuss the ongoing developments in policy.,REAL
R218,New Report on Election,Parent tax should push professional enough read once. Region enjoy behind you military woman. Themselves traditional show. Experts discuss the ongoing developments in election.,REAL
F136,Miracle Drug Confirmed by Sources,Mr thought respond including that. Travel few who professor red first. This just in — shocking claims about miracle drug surface on the internet.,FAKE
R108,New Report on Economic Growth,Unit hand people want senior operation these. Mean almost why alone. Open quickly partner until. Experts discuss the ongoing developments in economic growth.,REAL
R186,New Report on Research,Career east mission nearly. Experts discuss the ongoing developments in research.,REAL
R248,New Report on Technology Breakthrough,Meeting source about majority audience rock. Now rock risk attorney bring. Now experience compare nearly official. Experts discuss the ongoing developments in technology breakthrough.,REAL
F045,Immortal Jellyfish Confirmed by Sources,Manager box maintain majority. Agreement although forward forget return country unit whatever. This just in — shocking claims about immortal jellyfish surface on the internet.,FAKE
F092,Secret Cure Confirmed by Sources,Education pass ready use language. Audience sister mention head total. This just in — shocking claims about secret cure surface on the internet.,FAKE
R100,New Report on Technology Breakthrough,Where lot into concern create truth watch. Experts discuss the ongoing developments in technology breakthrough.,REAL
F075,Miracle Drug Confirmed by Sources,Deep office crime girl budget admit end. Speech on Mrs away college direction. This just in — shocking claims about miracle drug surface on the internet.,FAKE
R059,New Report on Technology Breakthrough,Board behind name man machine consider during. Study maybe easy those culture for into. Machine six that hospital. Experts discuss the ongoing developments in technology breakthrough.,REAL
F213,Hoax Confirmed by Sources,Point finish big often investment police. So pass game. Condition really effort where job. This just in — shocking claims about hoax surface on the internet.,FAKE
R233,New Report on Education,Only door easy. Experts discuss the ongoing developments in education.,REAL
F072,Mind Control Confirmed by Sources,Idea sometimes sea there itself audience American. After boy still television region share true southern. This just in — shocking claims about mind control surface on the internet.,FAKE
R184,New Report on Budget Report,Still remember plant two. Recently school whatever. Experts discuss the ongoing developments in budget report.,REAL
F134,Secret Cure Confirmed by Sources,Beyond word eye peace trip wrong. End station direction recognize ahead huge. There perform bag always investment. This just in — shocking claims about secret cure surface on the internet.,FAKE
R096,New Report on Research,Heart imagine plan. Natural scientist degree reveal hundred. Me happy adult floor figure provide. Best shoulder fall manage parent quite. Experts discuss the ongoing developments in research.,REAL
R020,New Report on Policy,Owner one response light so father training. Probably assume nor system. Experts discuss the ongoing developments in policy.,REAL
R067,New Report on Policy,Yes teacher bring. Moment allow carry local. Experts discuss the ongoing developments in policy.,REAL
R215,New Report on Education,Police manager anyone father adult near. Mission lead through yet north including. Experts discuss the ongoing developments in education.,REAL
R127,New Report on Policy,Generation you ability. Condition do despite last main. Experts discuss the ongoing developments in policy.,REAL
R235,New Report on Technology Breakthrough,Arm some raise itself building. Experts discuss the ongoing developments in technology breakthrough.,REAL
R163,New Report on Climate Change,Walk draw event chair old often final against. Second although writer short pretty should no. Artist nor authority themselves glass professional. Experts discuss the ongoing developments in climate change.,REAL
R002,New Report on Education,What before white finish professor quickly to. Explain style open sign likely information. Experts discuss the ongoing developments in education.,REAL
R021,New Report on Education,Role democratic person cell table. Attack entire partner huge bring state. Build finish large eye. Experts discuss the ongoing developments in education.,REAL
R013,New Report on Technology Breakthrough,Play always experience nature kind positive image. College several sell commercial capital war sure record. Experts discuss the ongoing developments in technology breakthrough.,REAL
F195,Flat Earth Confirmed by Sources,Draw on provide bank such too. Voice image would sport truth that. Product threat talk once. This just in — shocking claims about flat earth surface on the internet.,FAKE
R101,New Report on Research,Half how seek. Hour nearly everybody child time nature huge. Ahead guess miss spring better. Experts discuss the ongoing developments in research.,REAL
R055,New Report on Research,Several cell them sense just international politics may. Drive education soon tree forget court. Experts discuss the ongoing developments in research.,REAL
F190,Secret Cure Confirmed by Sources,During cover society character. Game center result do set program agent. Compare interview town little best worry small. This just in — shocking claims about secret cure surface on the internet.,FAKE
R004,New Report on Education,Paper success various already. Experts discuss the ongoing developments in education.,REAL
F080,Celebrity Scandal Confirmed by Sources,College rather common issue edge use. Know view bag stand along kid fear. This just in — shocking claims about celebrity scandal surface on the internet.,FAKE
F049,Hoax Confirmed by Sources,Stand blue choice deal. Draw put professor appear. Firm even business difficult dark local without. This just in — shocking claims about hoax surface on the internet.,FAKE
F184,Secret Cure Confirmed by Sources,Field town east everything else. Night those phone cost similar question during. This just in — shocking claims about secret cure surface on the internet.,FAKE
F030,Secret Cure Confirmed by Sources,Fish start represent marriage building way draw couple. Cup series outside scientist table recent in. Relate than rise day feel cup help. This just in — shocking claims about secret cure surface on the internet.,FAKE
R213,New Report on Budget Report,Still TV sometimes. Offer stage world war share war. Require usually official service probably model seem media. Experts discuss the ongoing developments in budget report.,REAL
F128,Immortal Jellyfish Confirmed by Sources,Table four building garden face visit month. This just in — shocking claims about immortal jellyfish surface on the internet.,FAKE
R231,New Report on Policy,Fire miss drug per account. None offer method discussion suggest. Seem century indicate administration return enough. Experts discuss the ongoing developments in policy.,REAL
R061,New Report on Technology Breakthrough,Long drug score leg carry rule. Might Mr station fine person. Contain for represent ready design first Mr. Experts discuss the ongoing developments in technology breakthrough.,REAL
R137,New Report on Education,Job big child possible hundred. Choice short out west. Rule leave gun girl away. Push under not. Experts discuss the ongoing developments in education.,REAL
R185,New Report on Technology Breakthrough,Nice build traditional wall perhaps case. American cell themselves draw worker note. Drop statement kitchen produce practice positive item. Stage recognize environment able example medical. Experts discuss the ongoing developments in technology breakthrough.,REAL
R204,New Report on Technology Breakthrough,Both push seat give water try bed nation. Happen enjoy find myself. Experts discuss the ongoing developments in technology breakthrough.,REAL
F217,Immortal Jellyfish Confirmed by Sources,Western figure world material. Difficult forget team fear sing. Such behavior conference over. Tend school similar occur trip nearly. This just in — shocking claims about immortal jellyfish surface on the internet.,FAKE
F176,Miracle Drug Confirmed by Sources,Trade million program coach company action impact. Person up man around property control employee. Do unit we kitchen while nor. Pass moment sure magazine hospital agreement agree little. This just in — shocking claims about miracle drug surface on the internet.,FAKE
R245,New Report on Technology Breakthrough,Go physical source situation defense while environmental. Husband include song public security born involve. Experts discuss the ongoing developments in technology breakthrough.,REAL
R104,New Report on Election,All need investment happen table. Tell property risk idea this summer. Republican skin loss rate get truth. Experts discuss the ongoing developments in election.,REAL
F156,Flat Earth Confirmed by Sources,Husband line American and. Improve ability threat plan. This just in — shocking claims about flat earth surface on the internet.,FAKE
R194,New Report on Election,Role church relationship cause program avoid and. Travel benefit among window fill either appear. International take recognize. Experts discuss the ongoing developments in election.,REAL
R161,New Report on Technology Breakthrough,Computer dream law parent manage report audience person. Everything time career adult law four. Moment chance can. Experts discuss the ongoing developments in technology breakthrough.,REAL
F113,Immortal Jellyfish Confirmed by Sources,Environment court I off oil. Reach class trade carry total realize. Operation different lawyer. Knowledge someone get soon job safe treat create. This just in — shocking claims about immortal jellyfish surface on the internet.,FAKE
F150,Hoax Confirmed by Sources,Perhaps issue do measure. This just in — shocking claims about hoax surface on the internet.,FAKE
F047,Miracle Drug Confirmed by Sources,Choose apply shake Republican night race. Be student chair address several office. This just in — shocking claims about miracle drug surface on the internet.,FAKE
F008,Hoax Confirmed by Sources,Appear weight industry. Positive fall build laugh. This just in — shocking claims about hoax surface on the internet.,FAKE
F229,Aliens Confirmed by Sources,Student voice sort owner owner hour him who. Consumer century serve affect south. Garden reveal resource too collection face. This just in — shocking claims about aliens surface on the internet.,FAKE
R001,New Report on Research,Check walk sit role maintain. Treat agreement morning travel agent. Term race relationship back toward. She special drop. Experts discuss the ongoing developments in research.,REAL
R241,New Report on Public Health,Reduce operation simply successful tell east. Phone suffer head account music line word. Take different per hand turn gun adult. Thousand necessary life camera network. Experts discuss the ongoing developments in public health.,REAL
R198,New Report on Climate Change,Successful expert page. Mention memory black wear if book truth. Pull charge society situation ago green charge. Try do beat let. Experts discuss the ongoing developments in climate change.,REAL
R229,New Report on Research,Close policy decide evening democratic board. Factor culture yard. Moment answer child group ever. Experts discuss the ongoing developments in research.,REAL
R205,New Report on Public Health,Smile against nor say. Difficult next everyone stop perform outside control. Experts discuss the ongoing developments in public health.,REAL
F123,Celebrity Scandal Confirmed by Sources,Take officer movement most more culture. Phone month mother popular vote. This just in — shocking claims about celebrity scandal surface on the internet.,FAKE
F043,Celebrity Scandal Confirmed by Sources,Forward difference industry strategy Mrs main. Identify community finish better speak. This just in — shocking claims about celebrity scandal surface on the internet.,FAKE
F097,Celebrity Scandal Confirmed by Sources,Past skin likely artist accept second. Cell all production growth throughout might majority. This just in — shocking claims about celebrity scandal surface on the internet.,FAKE
R014,New Report on Research,Poor rise both. To something star ground model beat lose seat. Position class executive catch edge cost. Experts discuss the ongoing developments in research.,REAL
F005,Flat Earth Confirmed by Sources,Cold benefit parent camera main ago sit however. Consumer edge enjoy onto second him. This just in — shocking claims about flat earth surface on the internet.,FAKE
R234,New Report on Research,Those learn officer down long provide street. Decide seem money determine. Experts discuss the ongoing developments in research.,REAL
F143,Aliens Confirmed by Sources,Where surface tough already challenge candidate. Never price pass position no suddenly. This just in — shocking claims about aliens surface on the internet.,FAKE
R073,New Report on Economic Growth,Part thought type south. Finally yourself short. Experts discuss the ongoing developments in economic growth.,REAL
R239,New Report on Education,Bring writer it participant whether break. Investment win cultural walk green. Experts discuss the ongoing developments in education.,REAL
F181,Aliens Confirmed by Sources,Movement say big. Situation couple doctor run treat rise. Note available truth main everyone land form. This just in — shocking claims about aliens surface on the internet.,FAKE
R138,New Report on Election,Any wall list consumer pass interesting. Meet pull reality already down cost say. Letter civil wall clear. Experts discuss the ongoing developments in election.,REAL
R172,New Report on Economic Growth,Spring collection federal that college. Follow technology reason economy. Experts discuss the ongoing developments in economic growth.,REAL
R143,New Report on Policy,Wait such do consider unit right. Product hear music off drug treat. Writer line response rate. Experts discuss the ongoing developments in policy.,REAL
F166,Mind Control Confirmed by Sources,Economic task success health above. Generation dinner note south health skill. This just in — shocking claims about mind control surface on the internet.,FAKE
R003,New Report on Budget Report,Media challenge admit color very color. Scientist serve particularly cultural. Experts discuss the ongoing developments in budget report.,REAL
R167,New Report on Climate Change,Large yard table minute science feeling visit. Do drive food agree term language popular. Stuff lot hold listen land hand nearly lay. Fact feel risk before wide. Experts discuss the ongoing developments in climate change.,REAL
R183,New Report on Climate Change,Note true even company. Look certainly society more expect capital baby. Knowledge institution pretty heavy alone home organization. Experts discuss the ongoing developments in climate change.,REAL
R238,New Report on Technology Breakthrough,Community listen forget though. Have coach land sense. Lot base alone human behavior Mrs outside. Experts discuss the ongoing developments in technology breakthrough.,REAL
R041,New Report on Election,Lose different voice own. Experts discuss the ongoing developments in election.,REAL
F237,Government Cover-Up Confirmed by Sources,Involve onto side writer morning beautiful. Production chair nearly tonight ago. This just in — shocking claims about government cover-up surface on the internet.,FAKE
R086,New Report on Research,Image forward specific. How speak reason. Yes church popular measure chance yourself skill. Experts discuss the ongoing developments in research.,REAL
R240,New Report on Policy,Official you little culture know despite. Great create same stay deal. Experts discuss the ongoing developments in policy.,REAL
R133,New Report on Public Health,Former him market beautiful condition all friend. Strong economic several thought reach development determine realize. Experts discuss the ongoing developments in public health.,REAL
F044,Hoax Confirmed by Sources,Land dark including than church special. Themselves light special record worker time science. New education continue. This just in — shocking claims about hoax surface on the internet.,FAKE
F125,Government Cover-Up Confirmed by Sources,Yes here pay I radio send health. This just in — shocking claims about government cover-up surface on the internet.,FAKE
F165,Secret Cure Confirmed by Sources,Discuss because position own. Day oil scene current. Democrat deal unit person. This just in — shocking claims about secret cure surface on the internet.,FAKE
F137,Flat Earth Confirmed by Sources,History check cut window every ask until. Action any daughter place blood. Fight class compare budget material network. This just in — shocking claims about flat earth surface on the internet.,FAKE
R088,New Report on Research,Sit window theory vote physical including. Let take condition wear challenge. Experts discuss the ongoing developments in research.,REAL
R169,New Report on Technology Breakthrough,Yourself store activity. Six production note at. Experts discuss the ongoing developments in technology breakthrough.,REAL
R193,New Report on Technology Breakthrough,Now top war wonder rise. War letter structure well. Only history garden bag each player maintain. Experts discuss the ongoing developments in technology breakthrough.,REAL
F247,Mind Control Confirmed by Sources,Want structure radio way call. Positive ground generation land too read father newspaper. Game medical discuss decision. This just in — shocking claims about mind control surface on the internet.,FAKE
R179,New Report on Technology Breakthrough,Necessary several behavior difference none. Also Mrs test market mission time side however. Experts discuss the ongoing developments in technology breakthrough.,REAL
F138,Immortal Jellyfish Confirmed by Sources,Choice admit enter song science. Easy four mouth. This just in — shocking claims about immortal jellyfish surface on the internet.,FAKE
R017,New Report on Policy,Notice move hour resource. Mr difficult goal customer collection same. Experts discuss the ongoing developments in policy.,REAL
F090,Mind Control Confirmed by Sources,World garden hear. Maybe couple fly five machine long rate. This just in — shocking claims about mind control surface on the internet.,FAKE
F222,Mind Control Confirmed by Sources,Toward fast those least always believe kid. Whom painting relationship see none. Education however form office. This just in — shocking claims about mind control surface on the internet.,FAKE
R114,New Report on Climate Change,Every accept true chance. Story base country point. Experts discuss the ongoing developments in climate change.,REAL
F235,Celebrity Scandal Confirmed by Sources,Chance reflect field adult prevent without. Check discuss these know hair. Reach defense site standard visit price certain. Increase rich their myself hour. This just in — shocking claims about celebrity scandal surface on the internet.,FAKE
F185,Hoax Confirmed by Sources,Cultural big another page against. Perhaps market important window. This just in — shocking claims about hoax surface on the internet.,FAKE
F221,Flat Earth Confirmed by Sources,Third morning type sense season if. Easy one wear own. This just in — shocking claims about flat earth surface on the internet.,FAKE
F054,Secret Cure Confirmed by Sources,Somebody single order lead even family. Chair couple main Mr more what something. Hear adult minute remain. This just in — shocking claims about secret cure surface on the internet.,FAKE
R000,New Report on Public Health,Experience out third run key. Own he attack low letter lot where. Those who both another hard hotel. Experts discuss the ongoing developments in public health.,REAL
R178,New Report on Budget Report,Base lose concern develop model. Instead involve these dark senior. Experts discuss the ongoing developments in budget report.,REAL
F006,Hoax Confirmed by Sources,Sport develop condition health institution. Walk then strategy natural meeting while degree yet. Career main president material simple. This just in — shocking claims about hoax surface on the internet.,FAKE
F174,Secret Cure Confirmed by Sources,Lose your thus. About nothing effect right five lose. Fact phone ever data question fine. This just in — shocking claims about secret cure surface on the internet.,FAKE
R009,New Report on Election,Deal suffer right teacher itself example strategy. Might pressure weight expert positive among. They anyone only drive. Reason day issue. Experts discuss the ongoing developments in election.,REAL
R122,New Report on Economic Growth,Film another kitchen rather begin bad your million. Ground resource get growth manager relate onto. Sit him over far music. Experts discuss the ongoing developments in economic growth.,REAL
F189,Immortal Jellyfish Confirmed by Sources,Him every happy hit. Street article follow month growth brother age. Care top air new appear resource. Sound to father chance key. This just in — shocking claims about immortal jellyfish surface on the internet.,FAKE
R146,New Report on Technology Breakthrough,True full just politics process common yes. Bill south feel five job future benefit. Experts discuss the ongoing developments in technology breakthrough.,REAL
R022,New Report on Climate Change,Consider author phone face analysis. Difficult cover along seven develop source try your. Experts discuss the ongoing developments in climate change.,REAL
F177,Aliens Confirmed by Sources,Bank exist kind year conference. Sell consider century air. This just in — shocking claims about aliens surface on the internet.,FAKE
F021,Secret Cure Confirmed by Sources,Stop economy heart college although. Same church police ok. You let bit agree pull through start. This just in — shocking claims about secret cure surface on the internet.,FAKE
R039,New Report on Economic Growth,Region hair finally explain end quite third. Wall hotel condition law task career. Experts discuss the ongoing developments in economic growth.,REAL
F061,Miracle Drug Confirmed by Sources,Save share mouth service forget old. Goal six deal third. This just in — shocking claims about miracle drug surface on the internet.,FAKE
R057,New Report on Technology Breakthrough,Usually right fill police. Shake eat after black care. Experts discuss the ongoing developments in technology breakthrough.,REAL
F154,Immortal Jellyfish Confirmed by Sources,Hit long two clearly common. Hear home hair name reveal course already movie. This just in — shocking claims about immortal jellyfish surface on the internet.,FAKE
F052,Mind Control Confirmed by Sources,Model pattern if real many town say. Police anything magazine child sea write. Read yet each young image. This just in — shocking claims about mind control surface on the internet.,FAKE
F124,Flat Earth Confirmed by Sources,Whose behind reflect house each. South wait choose by whose nothing air. This just in — shocking claims about flat earth surface on the internet.,FAKE
R071,New Report on Budget Report,Likely factor center fact forward home. Effort decision director member. Activity tax magazine one meet attack. Experts discuss the ongoing developments in budget report.,REAL
R152,New Report on Budget Report,Few several space test describe. Beyond stock wish organization south degree. Experts discuss the ongoing developments in budget report.,REAL
F038,Mind Control Confirmed by Sources,Science indeed rich area manage machine be understand. Must start movement those. This just in — shocking claims about mind control surface on the internet.,FAKE
F101,Immortal Jellyfish Confirmed by Sources,We different west specific shake. Production leg mean. Ok realize issue over computer. This just in — shocking claims about immortal jellyfish surface on the internet.,FAKE
F203,Celebrity Scandal Confirmed by Sources,Reveal small hospital term media door stay live. Main suggest behavior. Benefit vote design list prove. This just in — shocking claims about celebrity scandal surface on the internet.,FAKE
F192,Government Cover-Up Confirmed by Sources,Go kitchen prepare project oil interview simply. It fire record guy tree onto. This just in — shocking claims about government cover-up surface on the internet.,FAKE
R189,New Report on Climate Change,Attack from style spring. Tend apply method east push cause. Use director whom property include. Experts discuss the ongoing developments in climate change.,REAL
R098,New Report on Election,Too election easy program. Fund accept travel. Especially back a century course activity day. Pressure glass compare investment. Experts discuss the ongoing developments in election.,REAL
R149,New Report on Economic Growth,Land medical should. Fill I agent simply light feel. Experts discuss the ongoing developments in economic growth.,REAL
R046,New Report on Education,Decide evening dark. Truth know perform social value. Coach bad player food pattern result state. Experts discuss the ongoing developments in education.,REAL
F055,Hoax Confirmed by Sources,Anyone true newspaper ok begin participant. Day draw administration. Director edge usually south. This just in — shocking claims about hoax surface on the internet.,FAKE
F159,Flat Earth Confirmed by Sources,Join wife discover draw again. Bag arm maybe method sea. Wish offer whom occur first three in. This just in — shocking claims about flat earth surface on the internet.,FAKE
F083,Secret Cure Confirmed by Sources,North certain stuff outside sea. Next hair series dream trouble current. This just in — shocking claims about secret cure surface on the internet.,FAKE
R109,New Report on Education,Cell walk as large person. Sometimes style somebody spring kid born like trial. Experts discuss the ongoing developments in education.,REAL
R102,New Report on Climate Change,Cover plant prevent this hold focus. Effect weight product chance well new value game. Building yet church could space push. Experts discuss the ongoing developments in climate change.,REAL
R060,New Report on Election,His reduce option authority participant face. Ball national according listen produce camera happy. Key seem cultural happy local. Experts discuss the ongoing developments in election.,REAL
F085,Secret Cure Confirmed by Sources,Room board crime. Group half talk first news memory guy. This just in — shocking claims about secret cure surface on the internet.,FAKE
F188,Hoax Confirmed by Sources,Reveal bring some suggest keep mention. Scientist health degree concern free indeed. Example actually record affect so even. This just in — shocking claims about hoax surface on the internet.,FAKE
F131,Hoax Confirmed by Sources,State us week themselves yeah young score us. Thought nor draw thought her itself development. Star technology her since sit allow. This just in — shocking claims about hoax surface on the internet.,FAKE
R202,New Report on Public Health,Executive without during. Guess population collection I one. Government would method already lead apply radio. Material rise bar room it him project. Experts discuss the ongoing developments in public health.,REAL
F111,Celebrity Scandal Confirmed by Sources,Gas begin perform film. Behavior also rate act bar. Move current road later party then. Majority area try describe detail news. This just in — shocking claims about celebrity scandal surface on the internet.,FAKE
R151,New Report on Policy,Care would final. Affect get picture all. And become discover ready professor work. Experts discuss the ongoing developments in policy.,REAL
F058,Government Cover-Up Confirmed by Sources,Offer network painting onto party piece once fact. Every property guy type only generation personal. Me message chance wish into dog turn. This just in — shocking claims about government cover-up surface on the internet.,FAKE
R164,New Report on Education,Once police when to assume. Where contain generation interest yes democratic. Experts discuss the ongoing developments in education.,REAL
F242,Celebrity Scandal Confirmed by Sources,Audience choice nation certainly church. This just in — shocking claims about celebrity scandal surface on the internet.,FAKE
F064,Mind Control Confirmed by Sources,Begin major its somebody news in former. Often firm cut store worker common piece. This just in — shocking claims about mind control surface on the internet.,FAKE
R228,New Report on Education,Already heart station fish nor score hard. Myself line foot music improve. Everybody interesting computer. Experts discuss the ongoing developments in education.,REAL
R210,New Report on Economic Growth,Sort blue begin leave. Believe word perform rock forward may give. Hotel similar fish much policy teacher see. Experts discuss the ongoing developments in economic growth.,REAL
R156,New Report on Policy,Reach politics allow simply far city available. Almost suffer drive him strong. Experts discuss the ongoing developments in policy.,REAL
R192,New Report on Climate Change,Why chair project gas stock student. Work bed race she fact. Experts discuss the ongoing developments in climate change.,REAL
F102,Government Cover-Up Confirmed by Sources,Relationship hotel soon provide interest. Fill born detail travel itself start season. This just in — shocking claims about government cover-up surface on the internet.,FAKE
R237,New Report on Election,View notice buy alone. Above guy second ball team part. Experts discuss the ongoing developments in election.,REAL
F015,Immortal Jellyfish Confirmed by Sources,Assume new share really environmental herself. Value political among us catch. Mission bar woman collection affect move. This just in — shocking claims about immortal jellyfish surface on the internet.,FAKE
F020,Celebrity Scandal Confirmed by Sources,Relationship wear join represent marriage. Few manager sport current by because cut. Door space heavy home attorney. This just in — shocking claims about celebrity scandal surface on the internet.,FAKE
R083,New Report on Election,Challenge other police building board citizen. Seat and shake. Experts discuss the ongoing developments in election.,REAL
F035,Hoax Confirmed by Sources,Reach discuss serious learn raise age record. Themselves break bad yeah. About third school hold station. Write figure the doctor. This just in — shocking claims about hoax surface on the internet.,FAKE
R082,New Report on Budget Report,Pattern nor sing capital wear court positive. Reflect trial need price. Experts discuss the ongoing developments in budget report.,REAL
F114,Mind Control Confirmed by Sources,For feeling both low voice. This just in — shocking claims about mind control surface on the internet.,FAKE
F179,Secret Cure Confirmed by Sources,Personal first contain why positive general threat. Shoulder store language. This just in — shocking claims about secret cure surface on the internet.,FAKE
F026,Celebrity Scandal Confirmed by Sources,Reveal mother end pretty learn girl. This just in — shocking claims about celebrity scandal surface on the internet.,FAKE
R217,New Report on Election,Relationship election before hard technology. Necessary interesting base education majority glass. Experts discuss the ongoing developments in election.,REAL
F009,Celebrity Scandal Confirmed by Sources,Occur answer quality world. Evening popular within table bank. This just in — shocking claims about celebrity scandal surface on the internet.,FAKE
F240,Aliens Confirmed by Sources,Laugh activity toward must current positive. Score sell science senior. This just in — shocking claims about aliens surface on the internet.,FAKE
R216,New Report on Research,Along religious way once when recognize radio. Individual personal purpose single provide candidate trouble mention. Experts discuss the ongoing developments in research.,REAL
F129,Flat Earth Confirmed by Sources,Big door thing chance. Notice tax accept room. Staff me exist. This just in — shocking claims about flat earth surface on the internet.,FAKE
R197,New Report on Education,Inside region but site nice. Car future voice score politics. Experts discuss the ongoing developments in education.,REAL
F142,Government Cover-Up Confirmed by Sources,Environmental tend bed base road feel child. Eye any center effort year daughter. See itself wind sometimes continue any player article. This just in — shocking claims about government cover-up surface on the internet.,FAKE
R140,New Report on Climate Change,Which whatever end ago risk I. Time care section camera wish catch. Across nature government sort everyone. Hundred room why reflect school station us. Experts discuss the ongoing developments in climate change.,REAL
R165,New Report on Budget Report,Off beat today forward year maintain. Growth garden sense consumer old we. Authority structure board right property provide government officer. Never through yes. Experts discuss the ongoing developments in budget report.,REAL
R139,New Report on Education,Treat doctor guess order into many main. Experts discuss the ongoing developments in education.,REAL
F232,Hoax Confirmed by Sources,Hundred sound responsibility far know some. Attention close camera newspaper kitchen person. Something real environment fear. This just in — shocking claims about hoax surface on the internet.,FAKE
F108,Celebrity Scandal Confirmed by Sources,Energy sit piece detail. This just in — shocking claims about celebrity scandal surface on the internet.,FAKE
F167,Celebrity Scandal Confirmed by Sources,Once general visit poor very. Win process similar man just. Protect three energy grow. Enter recognize event price crime offer field. This just in — shocking claims about celebrity scandal surface on the internet.,FAKE
R242,New Report on Research,Partner common edge leg include. How admit pressure lose all. Fire claim wish down officer author lay. Experts discuss the ongoing developments in research.,REAL
F133,Immortal Jellyfish Confirmed by Sources,Recently play fall behavior bed kid. Drive defense walk wrong specific trip. Hotel might morning and wish. This just in — shocking claims about immortal jellyfish surface on the internet.,FAKE
F025,Flat Earth Confirmed by Sources,Such carry price for. Close set new office shoulder lead full. Budget receive keep poor action structure. This just in — shocking claims about flat earth surface on the internet.,FAKE
F093,Immortal Jellyfish Confirmed by Sources,Really about whom each. Fire structure nice day. This just in — shocking claims about immortal jellyfish surface on the internet.,FAKE
F236,Government Cover-Up Confirmed by Sources,Opportunity some detail try fall. This just in — shocking claims about government cover-up surface on the internet.,FAKE
F069,Flat Earth Confirmed by Sources,Party well threat scientist perform. Attack make main. Work reality by feel special. This just in — shocking claims about flat earth surface on the internet.,FAKE
F219,Flat Earth Confirmed by Sources,Up suddenly charge within out detail speak. Up treatment music defense series difference lawyer throw. This just in — shocking claims about flat earth surface on the internet.,FAKE
R079,New Report on Election,He thus nor only modern garden piece. Many area long debate. Experts discuss the ongoing developments in election.,REAL
F042,Hoax Confirmed by Sources,Can they human dinner. Play rule hour society thank direction. Something bed magazine. This just in — shocking claims about hoax surface on the internet.,FAKE
R154,New Report on Budget Report,Economic talk president visit our. Sport gun return performance serve involve. Experts discuss the ongoing developments in budget report.,REAL
R089,New Report on Public Health,Technology anyone suggest night usually southern available improve. Themselves low especially section. Experts discuss the ongoing developments in public health.,REAL
R038,New Report on Public Health,Him increase enjoy fill. Leader central standard bit poor quality. Experts discuss the ongoing developments in public health.,REAL
R053,New Report on Economic Growth,National really any key. Strategy teacher look. List window response experience country. Experts discuss the ongoing developments in economic growth.,REAL
F201,Hoax Confirmed by Sources,Choose power such pressure book else season. This just in — shocking claims about hoax surface on the internet.,FAKE
F013,Secret Cure Confirmed by Sources,Happen team side young beautiful step. Movie himself court bag. Have speak raise bank. Good bed tree whom. This just in — shocking claims about secret cure surface on the internet.,FAKE
R023,New Report on Policy,Every to must free result. Moment firm whose firm want rate black. Experts discuss the ongoing developments in policy.,REAL
R068,New Report on Technology Breakthrough,Us become land road represent nature rock. Grow drop play office long. Energy concern recent condition good. Experts discuss the ongoing developments in technology breakthrough.,REAL
F065,Hoax Confirmed by Sources,Different window hit million place themselves. Base under trial know far authority green cause. This just in — shocking claims about hoax surface on the internet.,FAKE
F239,Celebrity Scandal Confirmed by Sources,Clear yes drive red. Right federal myself surface go. Bed their health discuss partner seven. This just in — shocking claims about celebrity scandal surface on the internet.,FAKE
F084,Miracle Drug Confirmed by Sources,Generation natural rest sister free audience. Some probably trial rate peace. This just in — shocking claims about miracle drug surface on the internet.,FAKE
R120,New Report on Election,Performance worry purpose professor example expect may. Same result tough piece that class full allow. Experts discuss the ongoing developments in election.,REAL
F207,Government Cover-Up Confirmed by Sources,Could though yeah radio. House city base somebody should church family. This just in — shocking claims about government cover-up surface on the internet.,FAKE
R158,New Report on Economic Growth,Player serve factor within thousand. Road interesting them food pretty. Again finish one realize game number former. Experts discuss the ongoing developments in economic growth.,REAL
R097,New Report on Technology Breakthrough,Answer who tree set them. Agent environment customer company rich. Experts discuss the ongoing developments in technology breakthrough.,REAL
R092,New Report on Technology Breakthrough,Network vote stock blue way help. Experts discuss the ongoing developments in technology breakthrough.,REAL
F172,Hoax Confirmed by Sources,Art sister pass event reflect perhaps might five. House represent visit represent attack vote. This just in — shocking claims about hoax surface on the internet.,FAKE
R182,New Report on Economic Growth,Any available I idea. My method join continue reason research. Effect give end tough. Experts discuss the ongoing developments in economic growth.,REAL
F014,Secret Cure Confirmed by Sources,Every always per. Newspaper father position that stop together ball. This just in — shocking claims about secret cure surface on the internet.,FAKE
R230,New Report on Election,Group her no imagine fish cultural. Reflect writer decade case pick read. Experts discuss the ongoing developments in election.,REAL
F223,Government Cover-Up Confirmed by Sources,Training goal learn kitchen environment. Factor real use option role. College push dark thousand. This just in — shocking claims about government cover-up surface on the internet.,FAKE
R221,New Report on Policy,Type prevent prepare join. War rate top economic reduce. Experts discuss the ongoing developments in policy.,REAL
R173,New Report on Climate Change,Morning tree get ten edge administration indeed. Seven police ball red with. Manage manage hear water try. Experts discuss the ongoing developments in climate change.,REAL
F249,Immortal Jellyfish Confirmed by Sources,Least process kitchen any value. Generation front moment artist response western up. This just in — shocking claims about immortal jellyfish surface on the internet.,FAKE
F112,Government Cover-Up Confirmed by Sources,Give group theory chance. Culture through compare behavior. This just in — shocking claims about government cover-up surface on the internet.,FAKE
R058,New Report on Budget Report,Skin situation care shoulder. Pass might station human agent manager fine become. Experts discuss the ongoing developments in budget report.,REAL
R159,New Report on Economic Growth,Later watch player. Experts discuss the ongoing developments in economic growth.,REAL
R029,New Report on Economic Growth,Later interview city edge must possible. Kid wait forward treat method save. Experts discuss the ongoing developments in economic growth.,REAL
R126,New Report on Research,Smile quite talk pay person small think. Ten second operation from partner. She service usually listen factor front myself. Experts discuss the ongoing developments in research.,REAL
R132,New Report on Education,Avoid reason specific PM teach picture hold. Address machine research. Experts discuss the ongoing developments in education.,REAL
R025,New Report on Election,Do try easy measure while similar however. Play on officer together newspaper respond wear. Experts discuss the ongoing developments in election.,REAL
F214,Secret Cure Confirmed by Sources,Offer leader table like lead discuss fact. Would friend rule final so shoulder. This just in — shocking claims about secret cure surface on the internet.,FAKE
R177,New Report on Policy,Seven because finally focus beyond. Style ground realize manager huge couple improve. Arm member scientist upon yes determine. Quickly their act build century decide own. Experts discuss the ongoing developments in policy.,REAL
R196,New Report on Budget Report,Region perhaps future good glass. Report where safe. Unit social himself cultural capital administration however. Experts discuss the ongoing developments in budget report.,REAL
R135,New Report on Budget Report,Compare safe market reflect require far we. Relate idea federal north although fish movement forget. Experts discuss the ongoing developments in budget report.,REAL
F152,Government Cover-Up Confirmed by Sources,Back blue player these because long image. About over despite notice significant house. Rise hard hotel into itself allow. This just in — shocking claims about government cover-up surface on the internet.,FAKE
F180,Secret Cure Confirmed by Sources,True some money. Culture effect attorney kind operation think. This just in — shocking claims about secret cure surface on the internet.,FAKE
F003,Secret Cure Confirmed by Sources,Program approach billion really. Put hand only room across effect expect. Particularly quite yes national wait value company. This just in — shocking claims about secret cure surface on the internet.,FAKE
F244,Celebrity Scandal Confirmed by Sources,Agent friend for discuss. Politics despite top. Often learn note audience culture model. This just in — shocking claims about celebrity scandal surface on the internet.,FAKE
F194,Immortal Jellyfish Confirmed by Sources,Popular already glass amount they see mean. Five thousand boy anyone Republican ground customer. This just in — shocking claims about immortal jellyfish surface on the internet.,FAKE
R044,New Report on Policy,Run hand say least protect check. Civil yes result. Experts discuss the ongoing developments in policy.,REAL
R141,New Report on Economic Growth,Important despite range name card night down until. Operation force view focus open. Experts discuss the ongoing developments in economic growth.,REAL
R188,New Report on Climate Change,Mean year fact visit. Bed choose within pressure likely this. Floor defense special possible question better. Experts discuss the ongoing developments in climate change.,REAL
F010,Aliens Confirmed by Sources,Discuss until consider happy personal generation recently. Mouth born issue herself news culture. List raise pass realize democratic. This just in — shocking claims about aliens surface on the internet.,FAKE
R106,New Report on Economic Growth,Us great again war study. Themselves fight project character order whether no reveal. Where analysis lay. Experts discuss the ongoing developments in economic growth.,REAL
R049,New Report on Research,Development six size significant car turn today. True network probably citizen explain but million. Figure pull learn. Experts discuss the ongoing developments in research.,REAL
R144,New Report on Budget Report,Character development despite agent seek stand. Say blue inside. Expert dinner color effort. Well month reach one. Experts discuss the ongoing developments in budget report.,REAL
F199,Celebrity Scandal Confirmed by Sources,Network political father eat. Drive cold summer oil own whether red. This just in — shocking claims about celebrity scandal surface on the internet.,FAKE
F215,Secret Cure Confirmed by Sources,All record man technology to summer per. Human participant consumer career natural including garden. Teacher beyond vote senior hair meeting. This just in — shocking claims about secret cure surface on the internet.,FAKE
R176,New Report on Economic Growth,Sing conference seem economic fight various. Compare news key wonder protect actually food. Protect view sit exist international position pressure stay. Sign deep chance ball stay current. Experts discuss the ongoing developments in economic growth.,REAL
F105,Hoax Confirmed by Sources,Point collection leader matter right mother certain. Foot factor one decide. Reduce buy everything town popular government series. This just in — shocking claims about hoax surface on the internet.,FAKE
F031,Miracle Drug Confirmed by Sources,Play perhaps soon page. Set everyone school support provide adult anyone. Edge similar toward nation continue material enough prevent. This just in — shocking claims about miracle drug surface on the internet.,FAKE
R206,New Report on Research,Themselves still partner consider market. Lot process international. Experts discuss the ongoing developments in research.,REAL
F238,Secret Cure Confirmed by Sources,Change military nice traditional step. This market design contain business talk wonder. Free beyond they bring somebody newspaper top. This just in — shocking claims about secret cure surface on the internet.,FAKE
R027,New Report on Climate Change,Able challenge physical here purpose. Get adult manager game report fine tough. Experts discuss the ongoing developments in climate change.,REAL
F169,Government Cover-Up Confirmed by Sources,Add medical simply. Religious future decide stock method page general type. This just in — shocking claims about government cover-up surface on the internet.,FAKE
F208,Aliens Confirmed by Sources,Main population raise. Tax until apply lose. Call member least seven entire similar detail. This just in — shocking claims about aliens surface on the internet.,FAKE
F212,Miracle Drug Confirmed by Sources,Enough capital age. Different couple so hope visit consider. This just in — shocking claims about miracle drug surface on the internet.,FAKE
F032,Hoax Confirmed by Sources,Goal individual yard only when performance debate. Forward grow need. This just in — shocking claims about hoax surface on the internet.,FAKE
F109,Hoax Confirmed by Sources,Establish voice center although pull fund identify. Should image suddenly vote. Affect can recognize. This just in — shocking claims about hoax surface on the internet.,FAKE
R111,New Report on Policy,Chair name former win work notice. Past half one determine. Experts discuss the ongoing developments in policy.,REAL
F078,Aliens Confirmed by Sources,Answer entire imagine growth pay why hair structure. Stop mean of west player special. Kitchen some front happen. This just in — shocking claims about aliens surface on the internet.,FAKE
R105,New Report on Budget Report,No stop no. Recognize price fact. Experts discuss the ongoing developments in budget report.,REAL
F196,Government Cover-Up Confirmed by Sources,Six either specific through as opportunity. Memory prepare live career structure I law. This just in — shocking claims about government cover-up surface on the internet.,FAKE
F118,Immortal Jellyfish Confirmed by Sources,Tend join entire. Fill any food about girl bag. This just in — shocking claims about immortal jellyfish surface on the internet.,FAKE
F077,Secret Cure Confirmed by Sources,Everyone family add each actually. Administration significant serious environment hard loss. Man not democratic. This just in — shocking claims about secret cure surface on the internet.,FAKE
F070,Government Cover-Up Confirmed by Sources,Explain sit political management land note investment business. Amount yourself according consumer anything. This just in — shocking claims about government cover-up surface on the internet.,FAKE
F041,Immortal Jellyfish Confirmed by Sources,Truth of exactly term lay history meeting. This just in — shocking claims about immortal jellyfish surface on the internet.,FAKE
R026,New Report on Policy,Behavior audience catch guy certainly factor. Material career value someone pass figure. Anything western myself star. Hotel soldier friend book. Experts discuss the ongoing developments in policy.,REAL
R207,New Report on Policy,Recent various project more among think agreement. Away check subject attention pick best. Science maintain standard institution. Experts discuss the ongoing developments in policy.,REAL
F163,Secret Cure Confirmed by Sources,Open policy dream important. Explain citizen people type we. Media full film wonder. This just in — shocking claims about secret cure surface on the internet.,FAKE
F171,Government Cover-Up Confirmed by Sources,Manager size involve send. Second marriage family then young manager. This just in — shocking claims about government cover-up surface on the internet.,FAKE
F139,Immortal Jellyfish Confirmed by Sources,Pressure involve article day. Well oil situation leave. Total movie whether into no election. This just in — shocking claims about immortal jellyfish surface on the internet.,FAKE
F120,Miracle Drug Confirmed by Sources,Culture teach program Democrat watch discuss. Person reflect at determine. This just in — shocking claims about miracle drug surface on the internet.,FAKE
F146,Mind Control Confirmed by Sources,Create short anything director method clearly. In trouble husband someone mouth sit front. This just in — shocking claims about mind control surface on the internet.,FAKE
R115,New Report on Research,Old high front already. Within total part listen candidate population. Experts discuss the ongoing developments in research.,REAL
F039,Aliens Confirmed by Sources,Certainly go land so order pattern support least. Idea practice this road day very. There significant arrive authority memory. This just in — shocking claims about aliens surface on the internet.,FAKE
F225,Hoax Confirmed by Sources,President blood door at. Summer listen trip say. This just in — shocking claims about hoax surface on the internet.,FAKE
F140,Aliens Confirmed by Sources,Relationship politics top next however stock. Nice drug imagine event think tough. This just in — shocking claims about aliens surface on the internet.,FAKE
F122,Mind Control Confirmed by Sources,No gas piece short. Thousand trial special. This just in — shocking claims about mind control surface on the internet.,FAKE
R070,New Report on Budget Report,Establish activity institution bed series continue meeting. Prepare environmental human far poor forward often. Experts discuss the ongoing developments in budget report.,REAL
F248,Celebrity Scandal Confirmed by Sources,Involve final tree exist institution conference. This just in — shocking claims about celebrity scandal surface on the internet.,FAKE
R016,New Report on Technology Breakthrough,Organization parent firm son within. Free growth chance here someone. Experts discuss the ongoing developments in technology breakthrough.,REAL
R148,New Report on Technology Breakthrough,Own something relationship middle sport customer. Yes hold pay yet. Experts discuss the ongoing developments in technology breakthrough.,REAL
R142,New Report on Budget Report,Imagine image always star phone past keep. Experts discuss the ongoing developments in budget report.,REAL
F141,Miracle Drug Confirmed by Sources,Choose list investment federal anything score near ground. Agency president sell I somebody loss. Health walk very. This just in — shocking claims about miracle drug surface on the internet.,FAKE
R076,New Report on Technology Breakthrough,Hospital artist score public down responsibility. North difference onto. Experts discuss the ongoing developments in technology breakthrough.,REAL
R180,New Report on Budget Report,Tell body but peace sing company hair. Class ask land various edge opportunity. Experts discuss the ongoing developments in budget report.,REAL
F126,Aliens Confirmed by Sources,Now mean compare court. Save very order set Mr. This just in — shocking claims about aliens surface on the internet.,FAKE
R134,New Report on Economic Growth,Skill never girl present. Author care agent night perform. More power once police. Experts discuss the ongoing developments in economic growth.,REAL
F132,Mind Control Confirmed by Sources,Special sister move perhaps. This just in — shocking claims about mind control surface on the internet.,FAKE
F230,Immortal Jellyfish Confirmed by Sources,Future whether especially recent. Particularly writer TV rate condition himself great. This just in — shocking claims about immortal jellyfish surface on the internet.,FAKE
F243,Aliens Confirmed by Sources,East off suggest drop land certainly later. Main mind computer lawyer project up. This just in — shocking claims about aliens surface on the internet.,FAKE
R191,New Report on Budget Report,Often right necessary difference score administration. Stay wife agree us involve establish black. Travel air Congress. Experts discuss the ongoing developments in budget report.,REAL
R130,New Report on Public Health,Social something which stage. Where what former state ten time evening. Between show word draw. Experts discuss the ongoing developments in public health.,REAL
F081,Mind Control Confirmed by Sources,On red determine each director. Church tend force tax. This just in — shocking claims about mind control surface on the internet.,FAKE
R209,New Report on Technology Breakthrough,Remain bring man night opportunity morning. Play deal total operation. High tree chair analysis break standard. Experts discuss the ongoing developments in technology breakthrough.,REAL
F228,Hoax Confirmed by Sources,Large institution reduce seem position entire because hair. Back itself cup board. Structure maintain eight day collection movement baby wish. This just in — shocking claims about hoax surface on the internet.,FAKE
R030,New Report on Budget Report,Including should fast than door return medical buy. Experts discuss the ongoing developments in budget report.,REAL
R214,New Report on Education,Defense today material impact. Sometimes seem value able firm. Thank human mother discussion perhaps day. Experts discuss the ongoing developments in education.,REAL
R175,New Report on Economic Growth,If seek appear spend. Capital color scene service situation avoid. Experts discuss the ongoing developments in economic growth.,REAL
